基金代码,基金全称
000001,华夏成长证券投资基金
000006,西部利得量化成长混合型发起式证券投资基金
000011,华夏大盘精选证券投资基金
000017,财通可持续发展主题混合型证券投资基金
000020,景顺长城品质投资混合型证券投资基金
000021,华夏优势增长混合型证券投资基金
000029,富国宏观策略灵活配置混合型证券投资基金
000030,长城核心优选灵活配置混合型证券投资基金
000031,华夏复兴混合型证券投资基金
000039,农银汇理低估值高增长混合型证券投资基金
000056,建信消费升级混合型证券投资基金
000057,中银消费主题混合型证券投资基金
000058,国联安安泰灵活配置混合型证券投资基金
000060,国联安中证股债动态策略指数证券投资基金
000061,华夏盛世精选混合型证券投资基金
000062,银华量化智慧动力灵活配置混合型证券投资基金
000063,长盛电子信息主题灵活配置混合型证券投资基金
000065,富兰克林国海焦点驱动灵活配置混合型证券投资基金
000066,诺安鸿鑫混合型证券投资基金
000072,华安稳健回报混合型证券投资基金
000073,摩根成长动力混合型证券投资基金
000083,汇添富消费行业混合型证券投资基金
000110,金鹰元安混合型证券投资基金
000117,广发轮动配置混合型证券投资基金
000120,中银美丽中国混合型证券投资基金
000121,华夏永福混合型证券投资基金
000124,华宝服务优选混合型证券投资基金
000126,招商安润灵活配置混合型证券投资基金
000127,农银汇理行业领先混合型证券投资基金
000136,民生加银策略精选灵活配置混合型证券投资基金
000165,国投瑞银策略精选灵活配置混合型证券投资基金
000166,中海信息产业精选混合型证券投资基金
000167,广发聚优灵活配置混合型证券投资基金
000172,华泰柏瑞量化增强混合型证券投资基金
000173,汇添富美丽30混合型证券投资基金
000178,博时灵活配置混合型证券投资基金
000190,中银新回报灵活配置混合型证券投资基金
000195,工银瑞信成长收益混合型证券投资基金
000196,工银瑞信成长收益混合型证券投资基金
000199,国泰量化策略收益混合型证券投资基金
000209,中信保诚新兴产业混合型证券投资基金
000214,广发成长优选灵活配置混合型证券投资基金
000215,广发趋势优选灵活配置混合型证券投资基金
000219,博时裕益灵活配置混合型证券投资基金
000220,富国医疗保健行业混合型证券投资基金
000241,宝盈核心优势灵活配置混合型证券投资基金
000242,景顺长城策略精选灵活配置混合型证券投资基金
000251,工银瑞信金融地产行业混合型证券投资基金
000256,上投摩根红利回报混合型证券投资基金
000259,农银汇理区间收益灵活配置混合型证券投资基金
000263,工银瑞信信息产业混合型证券投资基金
000264,博时内需增长灵活配置混合型证券投资基金
000270,建信灵活配置混合型证券投资基金
000273,华润元大安鑫灵活配置混合型证券投资基金
000279,华商红利优选灵活配置混合型证券投资基金
000294,华安生态优先混合型证券投资基金
000308,建信创新中国混合型证券投资基金
000314,招商瑞丰灵活配置混合型发起式证券投资基金
000327,南方潜力新蓝筹混合型证券投资基金
000328,摩根转型动力灵活配置混合型证券投资基金
000336,农银汇理研究精选灵活配置混合型证券投资基金
000339,长城医疗保健混合型证券投资基金
000354,长盛城镇化主题混合型证券投资基金
000362,国泰聚信价值优势灵活配置混合型证券投资基金
000363,国泰聚信价值优势灵活配置混合型证券投资基金
000367,国泰安康定期支付混合型证券投资基金
000390,华商优势行业灵活配置混合型证券投资基金
000398,华富灵活配置混合型证券投资基金
000404,易方达新兴成长灵活配置混合型证券投资基金
000408,民生加银城镇化灵活配置混合型证券投资基金
000410,益民服务领先灵活配置混合型证券投资基金
000414,嘉实绝对收益策略定期开放混合型发起式证券投资基金
000417,国联安新精选灵活配置混合型证券投资基金
000423,前海开源事件驱动灵活配置混合型发起式证券投资基金
000431,鹏华品牌传承灵活配置混合型证券投资基金
000432,中银优秀企业混合型证券投资基金
000433,安信鑫发优选灵活配置混合型证券投资基金
000436,易方达裕惠回报定期开放式混合型发起式证券投资基金
000452,南方医药保健灵活配置混合型证券投资基金
000458,英大领先回报混合型发起式证券投资基金
000459,英大领先回报后收费
000462,农银汇理主题轮动灵活配置混合型证券投资基金
000477,广发主题领先灵活配置混合型证券投资基金
000480,东方红新动力灵活配置混合型证券投资基金
000496,长安产业精选灵活配置混合型发起式证券投资基金
000507,宏利宏达混合型证券投资基金
000508,宏利宏达混合型证券投资基金
000511,国泰国策驱动灵活配置混合型证券投资基金
000520,上银新兴价值成长混合型证券投资基金
000522,华润元大信息传媒科技混合型证券投资基金
000523,国投瑞银医疗保健行业灵活配置混合型证券投资基金
000526,国泰浓益灵活配置混合型证券投资基金
000527,南方新优享灵活配置混合型证券投资基金
000529,广发竞争优势灵活配置混合型证券投资基金
000530,招商丰盛稳定增长灵活配置混合型证券投资基金
000531,东吴阿尔法灵活配置混合型证券投资基金
000532,景顺长城优势企业混合型证券投资基金
000534,长盛高端装备制造灵活配置混合型证券投资基金
000535,长盛航天海工装备灵活配置混合型证券投资基金
000538,诺安优势行业灵活配置混合型证券投资基金
000541,华商创新成长灵活配置混合型发起式证券投资基金
000545,中邮核心竞争力灵活配置混合型证券投资基金
000547,建信健康民生混合型证券投资基金
000550,广发新动力混合型证券投资基金
000551,中信保诚幸福消费混合型证券投资基金
000554,中国梦灵活配置混合型证券投资基金
000556,国投瑞银新机遇灵活配置混合型证券投资基金
000557,国投瑞银新机遇灵活配置混合型证券投资基金
000566,华泰柏瑞创新升级混合型证券投资基金
000567,广发聚祥灵活配置混合型证券投资基金
000571,中邮双动力混合型证券投资基金
000572,中银多策略灵活配置混合型证券投资基金
000573,天弘通利混合型证券投资基金
000574,宝盈新价值灵活配置混合型证券投资基金
000584,新华鑫益灵活配置混合型证券投资基金
000585,嘉实对冲套利定期开放混合型发起式证券投资基金
000587,大成灵活配置混合型证券投资基金
000589,光大保德信银发商机主题混合型证券投资基金
000590,华安新活力灵活配置混合型证券投资基金
000591,中银健康生活混合型证券投资基金
000595,嘉实泰和混合型证券投资基金
000597,中海积极收益灵活配置混合型证券投资基金
000598,长盛生态环境主题灵活配置混合型证券投资基金
000601,华宝创新优选混合型证券投资基金
000603,易方达创新驱动灵活配置混合型证券投资基金
000609,华商新量化灵活配置混合型证券投资基金
000612,华宝生态中国混合型证券投资基金
000619,东方红产业升级灵活配置混合型证券投资基金
000634,富国天盛灵活配置混合型证券投资基金
000639,宝盈祥瑞混合型证券投资基金
000646,华润元大量化优选混合型证券投资基金
000649,长城久鑫灵活配置混合型证券投资基金
000652,博时裕隆灵活配置混合型证券投资基金
000654,华商新锐产业灵活配置混合型证券投资基金
000663,国投瑞银美丽中国灵活配置混合型证券投资基金
000664,国联安通盈灵活配置混合型证券投资基金
000667,工银瑞信绝对收益策略混合型发起式证券投资基金
000672,工银瑞信绝对收益策略混合型发起式证券投资基金
000679,招商丰利灵活配置混合型证券投资基金
000684,长盛养老健康产业灵活配置混合型证券投资基金
000689,前海开源新经济灵活配置混合型证券投资基金
000690,前海开源大海洋战略经济灵活配置混合型证券投资基金
000695,大成景益平稳收益混合型证券投资基金
000698,宝盈科技30灵活配置混合型证券投资基金
000706,中邮多策略灵活配置混合型证券投资基金
000708,华安安享灵活配置混合型证券投资基金
000714,诺安稳健回报灵活配置混合型证券投资基金
000717,融通转型三动力灵活配置混合型证券投资基金
000727,融通健康产业灵活配置混合型证券投资基金
000739,平安新鑫先锋混合型证券投资基金
000742,国泰新经济灵活配置混合型证券投资基金
000743,红塔红土盛世普益灵活配置混合型发起式证券投资基金
000747,广发逆向策略灵活配置混合型证券投资基金
000749,国金鑫安保本混合型证券投资基金
000753,华宝量化对冲策略混合型发起式证券投资基金
000754,华宝量化对冲策略混合型发起式证券投资基金
000755,富安达新兴成长灵活配置混合型证券投资基金
000757,华富智慧城市灵活配置混合型证券投资基金
000762,汇添富绝对收益策略定期开放混合型发起式证券投资基金
000763,工银瑞信新财富灵活配置混合型证券投资基金
000767,华富国泰民安灵活配置混合型证券投资基金
000772,景顺长城中国回报灵活配置混合型证券投资基金
000788,前海开源中国成长灵活配置混合型证券投资基金
000794,宝盈睿丰创新灵活配置混合型证券投资基金
000796,宝盈睿丰创新灵活配置混合型证券投资基金
000800,华商未来主题混合型证券投资基金
000804,中信建投稳利混合型证券投资基金
000805,中银新经济灵活配置混合型证券投资基金
000822,东海美丽中国灵活配置混合型证券投资基金
000823,银华高端制造业灵活配置混合型证券投资基金
000824,圆信永丰双红利灵活配置混合型证券投资基金
000825,圆信永丰双红利灵活配置混合型证券投资基金
000841,富国新回报灵活配置混合型证券投资基金
000843,富国新回报灵活配置混合型证券投资基金
000844,南方绝对收益策略定期开放混合型发起式证券投资基金
000845,国投瑞银信息消费灵活配置混合型证券投资基金
000849,汇丰晋信双核策略混合型证券投资基金
000850,汇丰晋信双核策略混合型证券投资基金
000865,大成景利混合型证券投资基金
000870,嘉实新收益灵活配置混合型证券投资基金
000877,华泰柏瑞量化优选灵活配置混合型证券投资基金
000878,中海医药健康产业精选灵活配置混合型证券投资基金
000879,中海医药健康产业精选灵活配置混合型证券投资基金
000880,富国研究精选灵活配置混合型证券投资基金
000887,上投摩根稳进回报混合型证券投资基金
000892,九泰天宝灵活配置混合型证券投资基金
000894,中欧睿达6个月持有期混合型证券投资基金
000904,银华回报灵活配置定期开放混合型发起式证券投资基金
000924,宝盈先进制造灵活配置混合型证券投资基金
000926,中信建投睿信灵活配置混合型证券投资基金
000928,国联国企改革灵活配置混合型证券投资基金
000932,前海开源睿远稳健增利混合型证券投资基金
000933,前海开源睿远稳健增利混合型证券投资基金
000934,富兰克林国海大中华精选混合型证券投资基金(QDII)
000935,浙商汇金转型成长混合型证券投资基金
000936,博时产业新动力灵活配置混合型发起式证券投资基金
000939,中银研究精选灵活配置混合型证券投资基金
000940,富国中小盘精选混合型证券投资基金
000945,华夏医疗健康混合型发起式证券投资基金
000946,华夏医疗健康混合型发起式证券投资基金
000953,国泰睿吉灵活配置混合型证券投资基金
000954,国泰睿吉灵活配置混合型证券投资基金
000963,兴业多策略灵活配置混合型发起式证券投资基金
000965,汇丰晋信新动力混合型证券投资基金
000966,中邮核心科技创新灵活配置混合型证券投资基金
000967,华泰柏瑞创新动力灵活配置混合型证券投资基金
000969,前海开源大安全核心精选灵活配置混合型证券投资基金
000970,东方红睿元三年定期开放灵活配置混合型发起式证券投资基金
000972,新华万银多元策略灵活配置混合型证券投资基金
000976,长城新兴产业灵活配置混合型证券投资基金
000977,长城环保主题灵活配置混合型证券投资基金
000986,太平灵活配置混合型发起式证券投资基金
000992,广发对冲套利定期开放混合型发起式证券投资基金
000993,华宝稳健回报灵活配置混合型证券投资基金
000994,建信睿盈灵活配置混合型证券投资基金
000995,建信睿盈灵活配置混合型证券投资基金
001000,中欧明睿新起点混合型证券投资基金
001004,新华稳健回报灵活配置混合型发起式证券投资基金
001005,中海合鑫灵活配置混合型证券投资基金
001007,国联安鑫安灵活配置混合型证券投资基金
001014,中融融安灵活配置混合型证券投资基金
001017,宏利改革动力量化策略灵活配置混合型证券投资基金
001018,易方达新经济灵活配置混合型证券投资基金
001030,天弘云端生活优选灵活配置混合型证券投资基金
001037,国投瑞银锐意改革灵活配置混合型证券投资基金
001053,南方创新经济灵活配置混合型证券投资基金
001056,北信瑞丰健康生活主题灵活配置混合型证券投资基金
001059,中金绝对收益策略定期开放混合型发起式证券投资基金
001060,前海开源高端装备制造灵活配置混合型证券投资基金
001067,鹏华弘盛灵活配置混合型证券投资基金
001068,国新国证新锐灵活配置混合型证券投资基金
001069,华泰柏瑞消费成长灵活配置混合型证券投资基金
001071,华安媒体互联网混合型证券投资基金
001073,华泰柏瑞量化绝对收益策略定期开放混合型发起式证券投资基金
001074,华泰柏瑞量化驱动灵活配置混合型证券投资基金
001075,宝盈转型动力灵活配置混合型证券投资基金
001076,易方达改革红利混合型证券投资基金
001088,华宝国策导向混合型证券投资基金
001102,前海开源国家比较优势灵活配置混合型证券投资基金
001103,前海开源工业革命4.0灵活配置混合型证券投资基金
001106,华商健康生活灵活配置混合型证券投资基金
001110,中欧瑾泉灵活配置混合型证券投资基金
001111,中欧瑾泉灵活配置混合型证券投资基金
001112,东方红中国优势灵活配置混合型证券投资基金
001115,广发聚安混合型证券投资基金
001116,广发聚安混合型证券投资基金
001117,中欧精选灵活配置定期开放混合型发起式证券投资基金
001118,华宝事件驱动混合型证券投资基金
001119,国投瑞银新回报灵活配置混合型证券投资基金
001120,东方睿鑫热点挖掘灵活配置混合型证券投资基金
001121,东方睿鑫热点挖掘灵活配置混合型证券投资基金
001122,鹏华弘利灵活配置混合型证券投资基金
001123,鹏华弘利灵活配置混合型证券投资基金
001125,博时互联网主题灵活配置混合型证券投资基金
001127,中银宏观策略灵活配置混合型证券投资基金
001128,宝盈新兴产业灵活配置混合型证券投资基金
001135,益民品质升级灵活配置混合型证券投资基金
001136,易方达裕如灵活配置混合型证券投资基金
001139,华安新动力灵活配置混合型证券投资基金
001140,工银瑞信总回报灵活配置混合型证券投资基金
001141,泰达宏利创盈灵活配置混合型证券投资基金
001142,泰达宏利创盈灵活配置混合型证券投资基金
001143,华商量化进取灵活配置混合型证券投资基金
001144,大成互联网思维混合型证券投资基金
001146,中欧瑾源灵活配置混合型证券投资基金
001147,中欧瑾源灵活配置混合型证券投资基金
001148,申万菱信多策略灵活配置混合型证券投资基金
001150,融通互联网传媒灵活配置混合型证券投资基金
001152,融通新区域新经济灵活配置混合型证券投资基金
001154,北信瑞丰平安中国主题灵活配置混合型证券投资基金
001156,申万菱信新能源汽车主题灵活配置混合型证券投资基金
001157,国联安睿祺灵活配置混合型证券投资基金
001159,大成景秀灵活配置混合型证券投资基金
001164,中欧琪和灵活配置混合型证券投资基金
001165,中欧琪和灵活配置混合型证券投资基金
001170,宏利复兴伟业灵活配置混合型证券投资基金
001172,鹏华弘泽灵活配置混合型证券投资基金
001173,中欧瑾和灵活配置混合型证券投资基金
001174,中欧瑾和灵活配置混合型证券投资基金
001179,德邦大健康灵活配置混合型证券投资基金
001181,南方改革机遇灵活配置混合型证券投资基金
001182,易方达安心回馈混合型证券投资基金
001183,南方利淘灵活配置混合型证券投资基金
001184,易方达新常态灵活配置混合型证券投资基金
001185,安信动态策略灵活配置混合型证券投资基金
001189,广发聚宝混合型证券投资基金
001190,鹏华弘润灵活配置混合型证券投资基金
001191,鹏华弘润灵活配置混合型证券投资基金
001192,摩根整合驱动灵活配置混合型证券投资基金
001194,景顺长城稳健回报灵活配置混合型证券投资基金
001196,东方鼎新灵活配置混合型证券投资基金
001197,长盛转型升级主题灵活配置混合型证券投资基金
001198,东方惠新灵活配置混合型证券投资基金
001201,申万菱信安鑫回报灵活配置混合型证券投资基金
001202,东方红领先精选灵活配置混合型证券投资基金
001203,东方红稳健精选混合型证券投资基金
001204,东方红稳健精选混合型证券投资基金
001205,建信稳健回报灵活配置混合型证券投资基金
001209,前海开源一带一路主题精选灵活配置混合型证券投资基金
001210,天弘互联网灵活配置混合型证券投资基金
001215,博时沪港深优质企业灵活配置混合型证券投资基金
001216,易方达新收益灵活配置混合型证券投资基金
001217,易方达新收益灵活配置混合型证券投资基金
001218,国投瑞银精选收益灵活配置混合型证券投资基金
001219,摩根动态多因子策略灵活配置混合型证券投资基金
001220,民生加银研究精选灵活配置混合型证券投资基金
001221,国联安鑫富混合型证券投资基金
001222,鹏华外延成长灵活配置混合型证券投资基金
001224,中邮新思路灵活配置混合型证券投资基金
001225,中邮趋势精选灵活配置混合A
001226,中邮稳健添利灵活配置混合型证券投资基金
001227,中邮信息产业灵活配置混合型证券投资基金
001228,国联安鑫享灵活配置混合型证券投资基金
001229,德邦福鑫灵活配置混合型证券投资基金
001231,银华泰利灵活配置混合型证券投资基金
001239,长盛国企改革主题灵活配置混合型证券投资基金
001244,华泰柏瑞量化智慧灵活配置混合型证券投资基金
001247,华泰柏瑞新利灵活配置混合型证券投资基金
001249,易方达新利灵活配置混合型证券投资基金
001250,天弘新活力灵活配置混合型发起式证券投资基金
001252,中海进取收益灵活配置混合型证券投资基金
001253,建信回报灵活配置混合型证券投资基金
001254,宏利新起点灵活配置混合型证券投资基金
001255,长城改革红利灵活配置混合型证券投资基金
001256,泓德优选成长混合型证券投资基金
001260,广发安心回报混合型证券投资基金
001261,国联新机遇灵活配置混合型证券投资基金
001262,大成景明灵活配置混合型证券投资基金
001263,大成景穗灵活配置混合型证券投资基金
001264,银华恒利灵活配置混合型证券投资基金
001265,国泰兴益灵活配置混合型证券投资基金
001266,国投瑞银招财灵活配置混合型证券投资基金
001267,宏利蓝筹价值混合型证券投资基金
001268,富国国家安全主题混合型证券投资基金
001270,英大灵活配置混合型发起式证券投资基金
001271,英大灵活配置混合型发起式证券投资基金
001272,兴业聚利灵活配置混合型证券投资基金
001273,民生加银新动力灵活配置混合型证券投资基金
001274,民生加银新动力灵活配置混合型证券投资基金
001275,中邮创新优势灵活配置混合型证券投资基金
001276,建信新经济灵活配置混合型证券投资基金
001278,前海开源清洁能源主题精选灵活配置混合型证券投资基金
001279,中海积极增利灵活配置混合型证券投资基金
001280,银华聚利灵活配置混合型证券投资基金
001281,长安鑫利优选灵活配置混合型证券投资基金
001282,华安新机遇灵活配置混合型证券投资基金
001283,红塔红土盛金新动力灵活配置混合型证券投资基金
001284,红塔红土盛金新动力灵活配置混合型证券投资基金
001285,易方达新鑫灵活配置混合型证券投资基金
001286,易方达新鑫灵活配置混合型证券投资基金
001287,安信优势增长灵活配置混合型证券投资基金
001289,银华汇利灵活配置混合型证券投资基金
001294,新华战略新兴产业灵活配置混合型证券投资基金
001295,大成景源灵活配置混合型证券投资基金
001297,平安智慧中国灵活配置混合型证券投资基金
001298,金鹰民族新兴灵活配置混合型证券投资基金
001300,大成睿景灵活配置混合型证券投资基金
001301,大成睿景灵活配置混合型证券投资基金
001302,前海开源金银珠宝主题精选灵活配置混合型证券投资基金
001303,银华稳利灵活配置混合型证券投资基金
001304,建信鑫安回报灵活配置混合型证券投资基金
001305,九泰天富改革新动力灵活配置混合型证券投资基金
001306,中欧永裕混合型证券投资基金
001307,中欧永裕混合型证券投资基金
001309,东方红睿逸定期开放混合型发起式证券投资基金
001310,华泰柏瑞行业竞争优势灵活配置混合型证券投资基金
001311,华安新回报灵活配置混合型证券投资基金
001312,华安新优选灵活配置混合型证券投资基金
001314,易方达新益灵活配置混合型证券投资基金
001315,易方达新益灵活配置混合型证券投资基金
001316,安信稳健增值灵活配置混合型证券投资基金
001318,东方新策略灵活配置混合型证券投资基金
001320,工银瑞信丰盈回报灵活配置混合型证券投资基金
001321,兴业聚优灵活配置混合型证券投资基金
001322,东吴新趋势价值线灵活配置混合型证券投资基金
001323,东吴移动互联灵活配置混合型证券投资基金
001324,华宝新价值灵活配置混合型证券投资基金
001325,鹏华弘和灵活配置混合型证券投资基金
001326,鹏华弘和灵活配置混合型证券投资基金
001327,鹏华弘华灵活配置混合型证券投资基金
001328,鹏华弘华灵活配置混合型证券投资基金
001329,鹏华弘实灵活配置混合型证券投资基金
001330,鹏华弘实灵活配置混合型证券投资基金
001331,鹏华弘信灵活配置混合型证券投资基金
001332,鹏华弘信灵活配置混合型证券投资基金
001333,大成景鹏灵活配置混合型证券投资基金
001334,南方利鑫灵活配置混合型证券投资基金
001335,南方利众灵活配置混合型证券投资基金
001336,鹏华弘益灵活配置混合型证券投资基金
001337,鹏华弘益灵活配置混合型证券投资基金
001338,安信稳健增值灵活配置混合型证券投资基金
001339,兴银鼎新灵活配置混合型证券投资基金
001340,华泰柏瑞惠利灵活配置混合型证券投资基金
001341,华泰柏瑞惠利灵活配置混合型证券投资基金
001342,易方达新享灵活配置混合型证券投资基金
001343,易方达新享灵活配置混合型证券投资基金
001345,富国新收益灵活配置混合型证券投资基金
001347,富国新收益灵活配置混合型证券投资基金
001348,摩根士丹利华鑫新机遇灵活配置混合型证券投资基金
001349,富国改革动力混合型证券投资基金
001352,民生加银新战略灵活配置混合型证券投资基金
001355,广发聚泰混合型证券投资基金
001356,广发聚泰混合型证券投资基金
001357,泓德泓富灵活配置混合型证券投资基金
001358,宝盈祥泰混合型证券投资基金
001359,国联安添鑫灵活配置混合型证券投资基金
001362,景顺长城领先回报灵活配置混合型证券投资基金
001363,长城久惠灵活配置混合型证券投资基金
001364,大成景润灵活配置混合型证券投资基金
001365,大成正向回报灵活配置混合型证券投资基金
001366,金鹰产业整合灵活配置混合型证券投资基金
001370,中银新趋势灵活配置混合型证券投资基金
001371,富国沪港深价值精选灵活配置混合型证券投资基金
001373,易方达新丝路灵活配置混合型证券投资基金
001375,金元顺安优质精选灵活配置混合型证券投资基金
001376,泓德泓富灵活配置混合型证券投资基金
001377,中融新产业灵活配置混合型证券投资基金
001378,中融新产业灵活配置混合型证券投资基金
001379,景顺长城领先回报灵活配置混合型证券投资基金
001380,鹏华弘盛灵活配置混合型证券投资基金
001381,鹏华弘泽灵活配置混合型证券投资基金
001382,易方达国企改革混合型证券投资基金
001384,东方新思路灵活配置混合型证券投资基金
001385,东方新思路灵活配置混合型证券投资基金
001387,国联新经济灵活配置混合型证券投资基金
001388,国联新经济灵活配置混合型证券投资基金
001389,中融鑫视野灵活配置混合型证券投资基金
001390,中融鑫视野灵活配置混合型证券投资基金
001392,富兰克林国海金融地产灵活配置混合型证券投资基金
001393,富兰克林国海金融地产灵活配置混合型证券投资基金
001394,博时新趋势灵活配置混合型证券投资基金
001395,博时新趋势灵活配置混合型证券投资基金
001398,华泰柏瑞健康生活灵活配置混合型证券投资基金
001399,安信鑫安得利灵活配置混合型证券投资基金
001400,安信鑫安得利灵活配置混合型证券投资基金
001402,中信保诚新选回报灵活配置混合型证券投资基金
001403,招商国企改革主题混合型证券投资基金
001405,东方红策略精选灵活配置混合型发起式证券投资基金
001406,东方红策略精选灵活配置混合型发起式证券投资基金
001407,景顺长城稳健回报灵活配置混合型证券投资基金
001408,建信鑫丰回报灵活配置混合型证券投资基金
001411,诺安创新驱动灵活配置混合型证券投资基金
001412,德邦鑫星价值灵活配置混合型证券投资基金
001413,国联鑫起点灵活配置混合型证券投资基金
001414,国联鑫起点灵活配置混合型证券投资基金
001415,中信保诚新锐回报灵活配置混合型证券投资基金
001417,汇添富医疗服务灵活配置混合型证券投资基金
001418,宏利创益灵活配置混合型证券投资基金
001419,泰达宏利新思路灵活配置混合型证券投资基金
001422,景顺长城安享回报灵活配置混合型证券投资基金
001423,景顺长城安享回报灵活配置混合型证券投资基金
001424,博时新起点灵活配置混合型证券投资基金
001425,博时新起点灵活配置混合型证券投资基金
001427,招商丰泽灵活配置混合型证券投资基金
001428,工银瑞信灵活配置混合型证券投资基金
001429,博时新财富混合型证券投资基金
001430,中邮乐享收益灵活配置混合A
001431,方正富邦优选灵活配置混合型证券投资基金
001433,易方达瑞景灵活配置混合型证券投资基金
001437,易方达瑞享灵活配置混合型证券投资基金
001438,易方达瑞享灵活配置混合型证券投资基金
001441,易方达瑞信灵活配置混合型证券投资基金
001442,易方达瑞信灵活配置混合型证券投资基金
001443,易方达瑞选灵活配置混合型证券投资基金
001444,易方达瑞选灵活配置混合型证券投资基金
001445,华安国企改革主题灵活配置混合型证券投资基金
001446,招商丰泽灵活配置混合型证券投资基金
001447,天弘惠利灵活配置混合型证券投资基金
001448,华商双翼平衡混合型证券投资基金
001449,华商双驱优选灵活配置混合型证券投资基金
001453,鹏华弘鑫灵活配置混合型证券投资基金
001454,鹏华弘鑫灵活配置混合型证券投资基金
001456,华泰柏瑞中国制造2025灵活配置混合型证券投资基金
001457,华商新常态灵活配置混合型证券投资基金
001463,光大保德信一带一路战略主题混合型证券投资基金
001464,光大保德信鼎鑫灵活配置混合型证券投资基金
001466,华富永鑫灵活配置混合型证券投资基金
001467,华富永鑫灵活配置混合型证券投资基金
001468,广发改革先锋灵活配置混合型证券投资基金
001470,融通通鑫灵活配置混合型证券投资基金
001471,融通新能源灵活配置混合型证券投资基金
001474,兴银丰盈灵活配置混合型证券投资基金
001475,易方达国防军工混合型证券投资基金
001479,中邮风格轮动灵活配置混合型证券投资基金
001480,财通成长优选混合型证券投资基金
001483,天弘喜利灵活配置混合型证券投资基金
001484,天弘新价值灵活配置混合型证券投资基金
001485,华安添颐混合型发起式证券投资基金
001487,宝盈优势产业灵活配置混合型证券投资基金
001488,万家瑞丰灵活配置混合型证券投资基金
001489,万家瑞丰灵活配置混合型证券投资基金
001491,国泰生益灵活配置混合型证券投资基金
001492,鹏华弘锐灵活配置混合型证券投资基金
001493,鹏华弘锐灵活配置混合型证券投资基金
001495,东方新价值混合型证券投资基金
001498,建信鑫荣回报灵活配置混合型证券投资基金
001499,国投瑞银新增长灵活配置混合型证券投资基金
001500,泓德远见回报混合型证券投资基金
001501,招商丰裕灵活配置混合型证券投资基金
001502,招商丰裕灵活配置混合型证券投资基金
001503,南方利鑫灵活配置混合型证券投资基金
001504,南方利淘灵活配置混合型证券投资基金
001505,南方利众灵活配置混合型证券投资基金
001506,景顺长城泰和回报灵活配置混合型证券投资基金
001507,景顺长城泰和回报灵活配置混合型证券投资基金
001508,富国新动力灵活配置混合型证券投资基金
001510,富国新动力灵活配置混合型证券投资基金
001511,兴全新视野灵活配置定期开放混合型发起式证券投资基金
001513,易方达信息产业混合型证券投资基金
001515,平安新鑫先锋混合型证券投资基金
001517,大成景裕灵活配置混合型证券投资基金
001518,万家瑞兴灵活配置混合型证券投资基金
001522,博时新策略灵活配置混合型证券投资基金
001523,博时新策略灵活配置混合型证券投资基金
001524,华泰柏瑞精选回报灵活配置混合型证券投资基金
001530,万家瑞富灵活配置混合型证券投资基金
001531,招商安益灵活配置混合型证券投资基金
001532,华安文体健康主题灵活配置混合型证券投资基金
001534,华宝万物互联灵活配置混合型证券投资基金
001535,景顺长城改革机遇灵活配置混合型证券投资基金
001536,南方君选灵活配置混合型证券投资基金
001537,中加改革红利灵活配置混合型证券投资基金
001538,摩根科技前沿灵活配置混合型证券投资基金
001540,浙商汇金转型驱动灵活配置混合型证券投资基金
001543,宝盈新锐灵活配置混合型证券投资基金
001547,兴业聚惠混合型证券投资基金
001558,天弘医疗健康混合型证券投资基金
001559,天弘医疗健康混合型证券投资基金
001562,易方达瑞和灵活配置混合型证券投资基金
001563,华富健康文娱灵活配置混合型证券投资基金
001564,东方红京东大数据灵活配置混合型证券投资基金
001566,南方利达灵活配置混合型证券投资基金
001567,南方利达灵活配置混合型证券投资基金
001568,泰达宏利增利灵活配置定期开放混合型证券投资基金
001569,泰信国策驱动灵活配置混合型证券投资基金
001570,南方利安灵活配置混合型证券投资基金
001571,嘉合磐石混合型证券投资基金
001572,嘉合磐石混合型证券投资基金
001573,南方互联网+灵活配置混合型证券投资基金
001574,中海混改红利主题精选灵活配置混合型证券投资基金
001580,南方利安灵活配置混合型证券投资基金
001581,华安沪港深通精选灵活配置混合型证券投资基金
001582,大成景辉灵活配置混合型证券投资基金
001584,国投瑞银新活力定期开放混合型证券投资基金
001585,国投瑞银新活力定期开放混合型证券投资基金
001596,中信保诚新泽回报灵活配置混合型证券投资基金
001597,招商丰融灵活配置混合型证券投资基金
001598,招商丰融灵活配置混合型证券投资基金
001601,鑫元鑫新收益灵活配置混合型证券投资基金
001602,鑫元鑫新收益灵活配置混合型证券投资基金
001603,易方达安盈回报混合型证券投资基金
001604,浙商汇金转型升级灵活配置混合型证券投资基金
001606,农银汇理工业4.0灵活配置混合型证券投资基金
001607,英大策略优选混合型证券投资基金
001608,英大策略优选混合型证券投资基金
001609,平安鑫享混合型证券投资基金
001610,平安鑫享混合型证券投资基金
001613,长城久祥灵活配置混合型证券投资基金
001614,东方区域发展混合型证券投资基金
001615,中欧睿尚定期开放混合型发起式证券投资基金
001620,嘉实新机遇灵活配置混合型发起式证券投资基金
001623,兴业国企改革灵活配置混合型证券投资基金
001633,万家瑞祥灵活配置混合型证券投资基金
001634,万家瑞祥灵活配置混合型证券投资基金
001635,万家瑞益灵活配置混合型证券投资基金
001636,万家瑞益灵活配置混合型证券投资基金
001639,嘉实新常态灵活配置混合型证券投资基金
001640,嘉实新常态灵活配置混合型证券投资基金
001641,富国绝对收益多策略定期开放混合型发起式证券投资基金
001647,天弘聚利灵活配置混合型证券投资基金
001648,工银瑞信新价值灵活配置混合型证券投资基金
001650,工银瑞信丰收回报灵活配置混合型证券投资基金
001654,国联安添鑫灵活配置混合型证券投资基金
001656,农银汇理中国优势灵活配置混合型证券投资基金
001657,长安鑫富领先灵活配置混合型证券投资基金
001659,富安达新动力灵活配置混合型证券投资基金
001660,富安达行业轮动灵活配置混合型证券投资基金
001662,创金合信沪港深研究精选灵活配置混合型证券投资基金
001664,平安鑫安混合型证券投资基金
001665,平安鑫安混合型证券投资基金
001667,南方转型增长灵活配置混合型证券投资基金
001668,汇添富全球移动互联灵活配置混合型证券投资基金
001670,长城新策略灵活配置混合型证券投资基金
001671,长城新策略灵活配置混合型证券投资基金
001675,江信同福灵活配置混合型证券投资基金
001676,江信同福灵活配置混合型证券投资基金
001679,前海开源中国稀缺资产灵活配置混合型证券投资基金
001681,新华积极价值灵活配置混合型证券投资基金
001682,新华鑫回报混合型证券投资基金
001683,华夏新经济灵活配置混合型发起式证券投资基金
001686,安信新动力灵活配置混合型证券投资基金
001687,安信新动力灵活配置混合型证券投资基金
001688,嘉实新起点灵活配置混合型证券投资基金
001691,南方香港成长灵活配置混合型证券投资基金
001694,华安沪港深外延增长灵活配置混合型证券投资基金
001695,泓德泓业灵活配置混合型证券投资基金
001701,国联产业升级灵活配置混合型证券投资基金
001702,东方创新科技混合型证券投资基金
001704,国投瑞银进宝灵活配置混合型证券投资基金
001706,诺安积极回报灵活配置混合型证券投资基金
001708,东兴改革精选灵活配置混合型证券投资基金
001709,华富物联世界灵活配置混合型证券投资基金
001710,安信新趋势灵活配置混合型证券投资基金
001711,安信新趋势灵活配置混合型证券投资基金
001712,东方红优势精选灵活配置混合型发起式证券投资基金
001715,工银瑞信新焦点灵活配置混合型证券投资基金
001716,工银瑞信新趋势灵活配置混合型证券投资基金
001720,工银瑞信新增利混合型证券投资基金
001721,工银瑞信新增益混合型证券投资基金
001722,工银瑞信银和利混合型证券投资基金
001723,华商新动力混合型证券投资基金
001724,申万菱信多策略灵活配置混合型证券投资基金
001727,申万菱信安鑫回报灵活配置混合型证券投资基金
001728,银华战略新兴灵活配置定期开放混合型发起式证券投资基金
001729,银华逆向投资灵活配置定期开放混合型发起式证券投资基金
001730,兴银大健康灵活配置混合型证券投资基金
001731,广发百发大数据策略价值灵活配置混合型证券投资基金
001732,广发百发大数据策略价值灵活配置混合型证券投资基金
001734,广发百发大数据策略成长灵活配置混合型证券投资基金
001735,广发百发大数据策略成长灵活配置混合型证券投资基金
001738,摩根士丹利华鑫新趋势灵活配置混合型证券投资基金
001739,中融融安二号灵活配置混合型证券投资基金
001740,光大保德信中国制造2025灵活配置混合型证券投资基金
001741,广发百发大数据策略精选灵活配置混合型证券投资基金
001742,广发百发大数据策略精选灵活配置混合型证券投资基金
001743,诺安优选回报灵活配置混合型证券投资基金
001744,诺安进取回报灵活配置混合型证券投资基金
001745,易方达瑞富灵活配置混合型证券投资基金
001746,易方达瑞富灵活配置混合型证券投资基金
001747,易方达瑞祺灵活配置混合型证券投资基金
001748,易方达瑞祺灵活配置混合型证券投资基金
001753,红土创新新兴产业灵活配置混合型证券投资基金
001754,永赢量化灵活配置混合型发起式证券投资基金
001755,嘉实新思路灵活配置混合型证券投资基金
001756,嘉实策略优选灵活配置混合型证券投资基金
001758,嘉实研究增强灵活配置混合型证券投资基金
001759,嘉实成长增强灵活配置混合型证券投资基金
001760,嘉实创新成长灵活配置混合型证券投资基金
001762,广发安宏回报灵活配置混合型证券投资基金
001763,广发多策略灵活配置混合型证券投资基金
001765,前海开源嘉鑫灵活配置混合型证券投资基金
001769,易方达瑞惠灵活配置混合型发起式证券投资基金
001770,前海开源嘉鑫灵活配置混合型证券投资基金
001771,南方量化灵活配置混合型证券投资基金
001772,南方消费活力灵活配置混合型发起式证券投资基金
001773,招商丰庆灵活配置混合型发起式证券投资基金
001774,招商丰庆灵活配置混合型发起式证券投资基金
001775,鹏华弘泰灵活配置混合型证券投资基金
001777,德邦多元回报灵活配置混合型证券投资基金
001778,德邦多元回报灵活配置混合型证券投资基金
001780,诺安改革趋势灵活配置混合型证券投资基金
001782,九泰久益灵活配置混合型证券投资基金
001789,国泰量化收益灵活配置混合型证券投资基金
001791,大成绝对收益策略混合型发起式证券投资基金
001792,大成绝对收益策略混合型发起式证券投资基金
001795,上投摩根文体休闲灵活配置混合型证券投资基金
001796,汇添富安鑫智选灵活配置混合型证券投资基金
001797,国新国证新利灵活配置混合型证券投资基金
001798,泰康新回报灵活配置混合型证券投资基金
001799,泰康新回报灵活配置混合型证券投资基金
001800,华安新乐享灵活配置混合型证券投资基金
001801,汇添富达欣灵活配置混合型证券投资基金
001802,易方达瑞财灵活配置混合型证券投资基金
001806,易方达瑞智灵活配置混合型证券投资基金
001807,易方达瑞智灵活配置混合型证券投资基金
001808,银华互联网主题灵活配置混合型证券投资基金
001809,中信建投智信物联网灵活配置混合型证券投资基金
001810,中欧潜力价值灵活配置混合型证券投资基金
001811,中欧明睿新常态混合型证券投资基金
001815,华泰柏瑞激励动力灵活配置混合型证券投资基金
001816,汇添富新睿精选灵活配置混合型证券投资基金
001817,易方达瑞兴灵活配置混合型证券投资基金
001818,易方达瑞兴灵活配置混合型证券投资基金
001822,华商智能生活灵活配置混合型证券投资基金
001823,光大保德信鼎鑫灵活配置混合型证券投资基金
001824,博时沪港深成长企业混合型证券投资基金
001827,富国研究优选沪港深灵活配置混合型证券投资基金
001829,北信瑞丰中国智造主题灵活配置混合型证券投资基金
001830,融通跨界成长灵活配置混合型证券投资基金
001832,易方达瑞恒灵活配置混合型证券投资基金
001834,长盛战略新兴产业灵活配置混合型证券投资基金
001835,易方达瑞祥灵活配置混合型证券投资基金
001836,易方达瑞祥灵活配置混合型证券投资基金
001837,前海开源沪港深蓝筹精选灵活配置混合型证券投资基金
001838,国投瑞银国家安全灵活配置混合型证券投资基金
001839,九泰久兴灵活配置混合型证券投资基金
001840,招商丰享灵活配置混合型证券投资基金
001841,招商丰享灵活配置混合型证券投资基金
001844,九泰久益灵活配置混合型证券投资基金
001845,国寿安保稳恒混合型证券投资基金
001846,国寿安保稳健回报混合型证券投资基金
001850,国泰安益灵活配置混合型证券投资基金
001851,中融强国制造灵活配置混合型证券投资基金
001852,融通中国风1号灵活配置混合型证券投资基金
001856,易方达环保主题灵活配置混合型证券投资基金
001857,易方达现代服务业灵活配置混合型证券投资基金
001858,建信鑫利灵活配置混合型证券投资基金
001861,富安达健康人生灵活配置混合型证券投资基金
001864,中海魅力长三角灵活配置混合型证券投资基金
001865,前海开源事件驱动灵活配置混合型发起式证券投资基金
001866,北信瑞丰新成长灵活配置混合型证券投资基金
001869,招商制造业转型灵活配置混合型证券投资基金
001874,前海开源沪港深价值精选灵活配置混合型证券投资基金
001875,前海开源沪港深优势精选灵活配置混合型证券投资基金
001880,长城中国智造灵活配置混合型证券投资基金
001881,中欧新趋势混合型证券投资基金(LOF)
001882,中欧价值发现混合型证券投资基金
001883,中欧新动力混合型证券投资基金(LOF)
001884,中欧互通精选混合型证券投资基金
001885,中欧新蓝筹灵活配置混合型证券投资基金
001886,中欧行业成长混合型证券投资基金(LOF)
001887,中欧价值智选回报混合型证券投资基金
001888,中欧盛世成长混合型证券投资基金(LOF)
001890,中欧精选灵活配置定期开放混合型发起式证券投资基金
001891,中欧成长优选回报灵活配置混合型发起式证券投资基金
001892,长盛新兴成长主题灵活配置混合型证券投资基金
001896,泰达宏利绝对收益策略混合型发起式证券投资基金
001897,九泰久盛量化先锋灵活配置混合型证券投资基金
001898,易方达大健康主题灵活配置混合型证券投资基金
001900,诺安精选价值混合型证券投资基金
001901,前海开源沪港深隆鑫灵活配置混合型证券投资基金
001902,前海开源沪港深隆鑫灵活配置混合型证券投资基金
001903,光大保德信欣鑫灵活配置混合型证券投资基金
001904,光大保德信欣鑫灵活配置混合型证券投资基金
001905,华安安益灵活配置混合型证券投资基金
001907,国投瑞银境煊灵活配置混合型证券投资基金
001908,国投瑞银境煊灵活配置混合型证券投资基金
001910,泰康新机遇灵活配置混合型证券投资基金
001914,中信建投聚利混合型证券投资基金
001922,国泰多策略收益灵活配置混合型证券投资基金
001924,华夏国企改革灵活配置混合型证券投资基金
001927,华夏消费升级灵活配置混合型证券投资基金
001928,华夏消费升级灵活配置混合型证券投资基金
001932,国寿安保灵活优选混合型证券投资基金
001933,华商新兴活力灵活配置混合型证券投资基金
001934,国泰全球绝对收益型基金优选证券投资基金
001935,国泰全球绝对收益型基金优选证券投资基金
001936,国泰全球绝对收益型基金优选证券投资基金
001939,光大保德信睿鑫灵活配置混合型证券投资基金
001940,农银汇理现代农业加灵活配置混合型证券投资基金
001942,前海开源沪港深汇鑫灵活配置混合型证券投资基金
001943,前海开源沪港深汇鑫灵活配置混合型证券投资基金
001947,上投摩根安鑫回报混合型证券投资基金
001951,金鹰改革红利灵活配置混合型证券投资基金
001954,银华生态环保主题灵活配置混合型证券投资基金
001955,中欧养老产业混合型证券投资基金
001959,华商乐享互联灵活配置混合型证券投资基金
001965,圆信永丰兴源灵活配置混合型证券投资基金
001966,圆信永丰兴源灵活配置混合型证券投资基金
001967,华宝转型升级灵活配置混合型证券投资基金
001970,泰信鑫选灵活配置混合型证券投资基金
001972,前海开源沪港深智慧生活优选灵活配置混合型证券投资基金
001978,泰信互联网+主题灵活配置混合型证券投资基金
001979,南方沪港深价值主题灵活配置混合型证券投资基金
001980,中欧量化驱动混合型证券投资基金
001983,中邮低碳经济灵活配置混合型证券投资基金
001984,摩根中国生物医药混合型证券投资基金(QDII)
001985,富国低碳新经济混合型证券投资基金
001986,前海开源人工智能主题灵活配置混合型证券投资基金
001990,中欧数据挖掘多因子灵活配置混合型证券投资基金
001997,工银瑞信新趋势灵活配置混合型证券投资基金
001998,工银瑞信新焦点灵活配置混合型证券投资基金
002000,工银瑞信新生利混合型证券投资基金
002001,华夏回报证券投资基金
002003,工银瑞信新机遇灵活配置混合型证券投资基金
002004,工银瑞信新机遇灵活配置混合型证券投资基金
002005,工银瑞信新得利混合型证券投资基金
002006,工银瑞信新得益混合型证券投资基金
002007,工银瑞信新得润混合型证券投资基金
002009,中欧瑾通灵活配置混合型证券投资基金
002010,中欧瑾通灵活配置混合型证券投资基金
002011,华夏红利混合型证券投资基金
002015,南方荣光灵活配置混合型证券投资基金
002016,南方荣光灵活配置混合型证券投资基金
002017,招商瑞丰灵活配置混合型发起式证券投资基金
002018,鹏华弘安灵活配置混合型证券投资基金
002019,鹏华弘安灵活配置混合型证券投资基金
002020,国都创新驱动灵活配置混合型证券投资基金
002021,华夏回报二号证券投资基金
002023,红塔红土稳健回报灵活配置混合型发起式证券投资基金
002024,红塔红土稳健回报灵活配置混合型发起式证券投资基金
002025,广发聚盛灵活配置混合型证券投资基金
002026,广发聚盛灵活配置混合型证券投资基金
002027,中加心享灵活配置混合型证券投资基金
002028,九泰天宝灵活配置混合型证券投资基金
002029,安信动态策略灵活配置混合型证券投资基金
002030,中信保诚新选回报灵活配置混合型证券投资基金
002031,华夏策略精选灵活配置混合型证券投资基金
002035,安信平稳增长混合型发起式证券投资基金
002036,安信优势增长灵活配置混合型证券投资基金
002043,天治研究驱动灵活配置混合型证券投资基金
002045,国泰生益灵活配置混合型证券投资基金
002046,中信保诚新锐回报灵活配置混合型证券投资基金
002049,融通新机遇灵活配置混合型证券投资基金
002051,诺安创新驱动灵活配置混合型证券投资基金
002052,诺安稳健回报灵活配置混合型证券投资基金
002053,诺安优势行业灵活配置混合型证券投资基金
002054,中银新财富灵活配置混合型证券投资基金
002055,国泰兴益灵活配置混合型证券投资基金
002056,中银新财富灵活配置混合型证券投资基金
002057,中银新机遇灵活配置混合型证券投资基金
002058,中银新机遇灵活配置混合型证券投资基金
002059,国泰浓益灵活配置混合型证券投资基金
002060,东方新策略灵活配置混合型证券投资基金
002061,国泰安康定期支付混合型证券投资基金
002062,国泰国策驱动灵活配置混合型证券投资基金
002064,华富产业升级灵活配置混合型证券投资基金
002067,诺安精选回报灵活配置混合型证券投资基金
002068,东方多策略灵活配置混合型证券投资基金
002071,长安产业精选灵活配置混合型发起式证券投资基金
002072,长安鑫利优选灵活配置混合型证券投资基金
002075,光大保德信睿鑫灵活配置混合型证券投资基金
002079,前海开源中国稀缺资产灵活配置混合型证券投资基金
002080,前海开源一带一路主题精选灵活配置混合型证券投资基金
002081,大成景沛灵活配置混合型证券投资基金
002082,华泰柏瑞激励动力灵活配置混合型证券投资基金
002083,新华鑫动力灵活配置混合型证券投资基金
002084,新华鑫动力灵活配置混合型证券投资基金
002085,长盛互联网+主题灵活配置混合型证券投资基金
002087,富兰克林国海新机遇灵活配置混合型证券投资基金
002088,富兰克林国海新机遇灵活配置混合型证券投资基金
002089,长盛盛鑫灵活配置混合型证券投资基金
002090,长盛盛鑫灵活配置混合型证券投资基金
002091,华泰柏瑞新利灵活配置混合型证券投资基金
002095,博时新收益灵活配置混合型证券投资基金
002096,博时新收益灵活配置混合型证券投资基金
002103,招商康泰灵活配置混合型证券投资基金
002104,博时新价值灵活配置混合型证券投资基金
002105,博时新价值灵活配置混合型证券投资基金
002106,德邦福鑫灵活配置混合型证券投资基金
002110,中海中鑫灵活配置混合型证券投资基金
002111,华宝新起点灵活配置混合型证券投资基金
002112,德邦鑫星价值灵活配置混合型证券投资基金
002116,广发安享灵活配置混合型证券投资基金
002117,广发安享灵活配置混合型证券投资基金
002118,广发安盈灵活配置混合型证券投资基金
002119,广发安盈灵活配置混合型证券投资基金
002120,广发安悦回报灵活配置混合型证券投资基金
002123,北信瑞丰外延增长主题灵活配置混合型发起式证券投资基金
002124,广发新兴产业精选灵活配置混合型证券投资基金
002125,广发新兴成长灵活配置混合型证券投资基金
002132,广发鑫享灵活配置混合型证券投资基金
002133,广发鑫益灵活配置混合型证券投资基金
002134,广发鑫裕灵活配置混合型证券投资基金
002135,广发鑫源灵活配置混合型证券投资基金
002136,广发鑫源灵活配置混合型证券投资基金
002137,诺安利鑫灵活配置混合型证券投资基金
002141,建信鑫丰回报灵活配置混合型证券投资基金
002142,博时外延增长主题灵活配置混合型证券投资基金
002144,华安新优选灵活配置混合型证券投资基金
002145,诺安景鑫灵活配置混合型证券投资基金
002146,长安鑫益增强混合型证券投资基金
002147,长安鑫益增强混合型证券投资基金
002148,国寿安保稳惠灵活配置混合型证券投资基金
002149,嘉实新优选灵活配置混合型证券投资基金
002152,华宝核心优势灵活配置混合型证券投资基金
002155,国金鑫瑞灵活配置混合型证券投资基金
002156,长盛盛世灵活配置混合型证券投资基金
002157,长盛盛世灵活配置混合型证券投资基金
002158,汇添富安鑫智选灵活配置混合型证券投资基金
002159,东吴国企改革主题灵活配置混合型证券投资基金
002160,南方转型驱动灵活配置混合型证券投资基金
002161,银华万物互联灵活配置混合型证券投资基金
002162,东方新价值混合型证券投资基金
002163,东方惠新灵活配置混合型证券投资基金
002164,汇添富新睿精选灵活配置混合型证券投资基金
002165,汇添富达欣灵活配置混合型证券投资基金
002166,华夏永福混合型证券投资基金
002167,南方顺康灵活配置混合型证券投资基金
002170,东吴移动互联灵活配置混合型证券投资基金
002172,海富通新内需灵活配置混合型证券投资基金
002173,东方大健康混合型证券投资基金
002174,东方互联网嘉混合型证券投资基金
002176,华商双翼平衡混合型证券投资基金
002177,中信保诚新泽回报灵活配置混合型证券投资基金
002178,嘉实新起点灵活配置混合型证券投资基金
002179,华安事件驱动量化策略混合型证券投资基金
002180,中银移动互联灵活配置混合型证券投资基金
002181,华安大安全主题灵活配置混合型证券投资基金
002182,东兴蓝海财富灵活配置混合型证券投资基金
002186,国联安鑫享灵活配置混合型证券投资基金
002187,国联安鑫富混合型证券投资基金
002189,农银汇理国企改革灵活配置混合型证券投资基金
002190,农银汇理新能源主题灵活配置混合型证券投资基金
002191,农银汇理物联网主题灵活配置混合型证券投资基金
002192,东方鼎新灵活配置混合型证券投资基金
002194,北信瑞丰稳定增强偏债混合型证券投资基金
002196,金鹰技术领先灵活配置混合型证券投资基金
002197,国泰鑫策略价值灵活配置混合型证券投资基金
002203,国泰睿信平衡混合型证券投资基金
002204,国泰安心回报混合型证券投资基金
002207,前海开源金银珠宝主题精选灵活配置混合型证券投资基金
002208,博时境源保本混合型证券投资基金
002209,博时境源保本混合型证券投资基金
002211,嘉实新财富灵活配置混合型证券投资基金
002212,嘉实新起航灵活配置混合型证券投资基金
002213,中海顺鑫灵活配置混合型证券投资基金
002214,中海沪港深价值优选混合A
002216,易方达量化策略精选灵活配置混合型证券投资基金
002217,易方达量化策略精选灵活配置混合型证券投资基金
002220,南方瑞利灵活配置混合型证券投资基金
002222,嘉实新趋势灵活配置混合型证券投资基金
002223,中邮尊享一年定期开放灵活配置混合型发起式证券投资基金
002224,中邮绝对收益策略定期开放混合型发起式证券投资基金
002225,长城新视野混合型证券投资基金
002226,长城新视野混合型证券投资基金
002227,长城新优选混合型证券投资基金
002228,长城新优选混合型证券投资基金
002230,华夏大中华企业精选灵活配置混合型证券投资基金(QDII)
002231,华夏新趋势灵活配置混合型证券投资基金
002232,华夏新趋势灵活配置混合型证券投资基金
002233,工银瑞信丰收回报灵活配置混合型证券投资基金
002237,大成景沛灵活配置混合型证券投资基金
002238,华安乐惠保本混合型证券投资基金
002239,华安乐惠保本混合型证券投资基金
002242,国投瑞银瑞兴灵活配置混合型证券投资基金
002244,景顺长城低碳科技主题灵活配置混合型证券投资基金
002249,招商境远灵活配置混合型证券投资基金
002251,华夏军工安全灵活配置混合型证券投资基金
002252,融通成长30灵活配置混合型证券投资基金
002256,金信行业优选灵活配置混合型发起式证券投资基金
002258,大成国企改革灵活配置混合型证券投资基金
002259,鹏华健康环保灵活配置混合型证券投资基金
002261,中银宝利灵活配置混合型证券投资基金
002262,中银宝利灵活配置混合型证券投资基金
002263,泰达宏利同顺大数据量化优选灵活配置混合型证券投资基金
002264,华夏乐享健康灵活配置混合型证券投资基金
002269,银华大数据灵活配置定期开放混合型发起式证券投资基金
002270,东吴安盈量化灵活配置混合型证券投资基金
002271,招商安弘灵活配置混合型证券投资基金
002272,新华科技创新主题灵活配置混合型证券投资基金
002273,宏利创益灵活配置混合型证券投资基金
002281,建信裕利灵活配置混合型证券投资基金
002282,平安安享灵活配置混合型证券投资基金
002288,中银稳进策略灵活配置混合型证券投资基金
002290,大成景辉灵活配置混合型证券投资基金
002291,诺安安鑫灵活配置混合型证券投资基金
002292,诺安益鑫灵活配置混合型证券投资基金
002293,南方益和灵活配置混合型证券投资基金
002294,博时新机遇混合型证券投资基金
002295,广发稳安灵活配置混合型证券投资基金
002296,长城行业轮动灵活配置混合型证券投资基金
002297,方正富邦优选灵活配置混合型证券投资基金
002303,金鹰智慧生活灵活配置混合型证券投资基金
002304,平安安心灵活配置混合型证券投资基金
002305,光大保德信风格轮动混合型证券投资基金
002307,银华多元视野灵活配置混合型证券投资基金
002308,安信安盈保本混合型证券投资基金
002313,宏利新起点灵活配置混合型证券投资基金
002314,泰达宏利新思路灵活配置混合型证券投资基金
002317,招商睿逸稳健配置混合型证券投资基金
002319,大成一带一路灵活配置混合型证券投资基金
002322,银华汇利灵活配置混合型证券投资基金
002323,银华稳利灵活配置混合型证券投资基金
002326,银华聚利灵活配置混合型证券投资基金
002327,银华恒利灵活配置混合型证券投资基金
002328,银华泰利灵活配置混合型证券投资基金
002330,兴业聚宝灵活配置混合型证券投资基金
002331,泰康安泰回报混合型证券投资基金
002339,海富通安颐收益混合型证券投资基金
002340,富国价值优势混合型证券投资基金
002345,华夏高端制造灵活配置混合型证券投资基金
002350,华安安华灵活配置混合型证券投资基金
002358,国投瑞银瑞祥灵活配置混合型证券投资基金
002360,前海开源清洁能源主题精选灵活配置混合型证券投资基金
002363,华安安康灵活配置混合型证券投资基金
002364,华安安康灵活配置混合型证券投资基金
002365,国联安鑫禧灵活配置混合型证券投资基金
002366,国联安鑫禧灵活配置混合型证券投资基金
002367,国联安安稳灵活配置混合型证券投资基金
002368,国联安鑫悦灵活配置混合型证券投资基金
002369,国联安鑫悦灵活配置混合型证券投资基金
002370,大成景秀灵活配置混合型证券投资基金
002371,大成景明灵活配置混合型证券投资基金
002372,大成景穗灵活配置混合型证券投资基金
002373,大成景源灵活配置混合型证券投资基金
002374,大成景鹏灵活配置混合型证券投资基金
002375,大成景裕灵活配置混合型证券投资基金
002376,国寿安保核心产业灵活配置混合型证券投资基金
002378,建信弘利灵活配置混合型证券投资基金
002383,大成趋势回报灵活配置混合型证券投资基金
002384,九泰鸿祥服务升级灵活配置混合型证券投资基金
002388,天弘裕利灵活配置混合型证券投资基金
002389,招商安德灵活配置混合型证券投资基金
002390,招商安德灵活配置混合型证券投资基金
002398,华安安禧灵活配置混合型证券投资基金
002399,华安安禧灵活配置混合型证券投资基金
002407,前海开源恒远灵活配置混合型证券投资基金
002408,中信建投医改灵活配置混合型证券投资基金
002409,华夏新活力灵活配置混合型证券投资基金
002410,华夏新活力灵活配置混合型证券投资基金
002411,华夏新机遇灵活配置混合型证券投资基金
002413,中银瑞利灵活配置混合型证券投资基金
002414,中银瑞利灵活配置混合型证券投资基金
002415,融通通盈灵活配置混合型证券投资基金
002416,招商丰利灵活配置混合型证券投资基金
002417,招商丰盛稳定增长灵活配置混合型证券投资基金
002418,汇添富优选回报灵活配置混合型证券投资基金
002419,汇添富创新活力混合型证券投资基金
002420,汇添富盈鑫灵活配置混合型证券投资基金
002424,博时文体娱乐主题混合型证券投资基金
002425,金鹰元禧混合型证券投资基金
002430,中银丰利灵活配置混合型证券投资基金
002431,中银丰利灵活配置混合型证券投资基金
002433,天弘金利灵活配置混合型证券投资基金
002434,中银宏利灵活配置混合型证券投资基金
002435,中银宏利灵活配置混合型证券投资基金
002436,上投摩根红利回报混合型证券投资基金
002439,创金合信睿合定期开放混合型证券投资基金
002443,前海开源沪港深龙头精选灵活配置混合型证券投资基金
002446,广发利鑫灵活配置混合型证券投资基金
002449,民生加银量化中国灵活配置混合型证券投资基金
002450,平安睿享文娱灵活配置混合型证券投资基金
002451,平安睿享文娱灵活配置混合型证券投资基金
002453,九泰久稳灵活配置混合型证券投资基金
002454,九泰久稳灵活配置混合型证券投资基金
002455,民生加银鑫喜灵活配置混合型证券投资基金
002456,招商安元灵活配置混合型证券投资基金
002457,招商安元灵活配置混合型证券投资基金
002458,国泰民利策略收益灵活配置混合型证券投资基金
002461,中银珍利灵活配置混合型证券投资基金
002462,中银珍利灵活配置混合型证券投资基金
002463,创金合信价值红利灵活配置混合型证券投资基金
002465,东兴众智优选灵活配置混合型证券投资基金
002472,光大保德信先进服务业灵活配置混合型证券投资基金
002482,宝盈互联网沪港深灵活配置混合型证券投资基金
002485,国联安通盈灵活配置混合型证券投资基金
002489,国泰民福策略价值灵活配置混合型证券投资基金
002494,兴业聚盈混合型证券投资基金
002495,前海开源量化优选灵活配置混合型证券投资基金
002496,前海开源量化优选灵活配置混合型证券投资基金
002497,东方盛世灵活配置混合型证券投资基金
002498,兴业聚鑫灵活配置混合型证券投资基金
002502,中银腾利灵活配置混合型证券投资基金
002503,中银腾利灵活配置混合型证券投资基金
002512,长城久润灵活配置混合型证券投资基金
002513,金鹰元安混合型证券投资基金
002514,招商丰益灵活配置混合型证券投资基金
002515,招商丰益灵活配置混合型证券投资基金
002516,招商丰达灵活配置混合型证券投资基金
002517,招商丰达灵活配置混合型证券投资基金
002518,民生加银鑫福灵活配置混合型证券投资基金
002527,南方安享绝对收益策略定期开放混合型发起式证券投资基金
002530,博时保泽保本混合型证券投资基金
002531,博时保泽保本混合型证券投资基金
002533,中加心享灵活配置混合型证券投资基金
002535,中银鑫利灵活配置混合型证券投资基金
002536,中银鑫利灵活配置混合型证券投资基金
002537,平安安盈灵活配置混合型证券投资基金
002538,招商丰嘉灵活配置混合型证券投资基金
002539,招商丰嘉灵活配置混合型证券投资基金
002540,招商丰和灵活配置混合型证券投资基金
002541,招商丰和灵活配置混合型证券投资基金
002542,长城久鼎灵活配置混合型证券投资基金
002543,长城久益灵活配置混合型证券投资基金
002544,长城久益灵活配置混合型证券投资基金
002545,东方岳灵活配置混合型证券投资基金
002547,民生加银养老服务灵活配置混合型证券投资基金
002553,博时创业成长混合型证券投资基金
002555,博时沪港深优质企业灵活配置混合型证券投资基金
002557,博时灵活配置混合型证券投资基金
002558,博时鑫瑞灵活配置混合型证券投资基金
002559,博时鑫瑞灵活配置混合型证券投资基金
002560,诺安和鑫灵活配置混合型证券投资基金
002561,东吴安鑫量化灵活配置混合型证券投资基金
002562,泓德泓益量化混合型证券投资基金
002563,泓德泓汇灵活配置混合型证券投资基金
002564,新沃通盈灵活配置混合型证券投资基金
002565,创金合信鑫安保本混合型证券投资基金
002566,创金合信鑫安保本混合型证券投资基金
002567,大成国家安全主题灵活配置混合型证券投资基金
002573,建信汇利灵活配置混合型证券投资基金
002574,招商瑞庆灵活配置混合型证券投资基金
002575,招商丰睿灵活配置混合型证券投资基金
002576,招商丰睿灵活配置混合型证券投资基金
002577,南方新兴龙头灵活配置混合型证券投资基金
002580,泰信鑫选灵活配置混合型证券投资基金
002581,招商丰凯灵活配置混合型证券投资基金
002582,招商丰凯灵活配置混合型证券投资基金
002583,泰信行业精选灵活配置混合型证券投资基金
002584,富安达长盈灵活配置混合型证券投资基金
002585,建信兴利灵活配置混合型证券投资基金
002593,富国美丽中国混合型证券投资基金
002594,工银瑞信现代服务业灵活配置混合型证券投资基金
002596,华商回报1号混合型证券投资基金
002597,兴业成长动力灵活配置混合型证券投资基金
002598,平安消费精选混合型证券投资基金
002599,平安消费精选混合型证券投资基金
002601,中银证券价值精选灵活配置混合型证券投资基金
002602,易方达丰惠混合型证券投资基金
002604,华夏新起点灵活配置混合型证券投资基金
002605,融通新消费灵活配置混合型证券投资基金
002612,融通通慧混合型证券投资基金
002614,中银颐利灵活配置混合型证券投资基金
002615,中银颐利灵活配置混合型证券投资基金
002616,中银益利灵活配置混合型证券投资基金
002617,中银益利灵活配置混合型证券投资基金
002618,中银裕利灵活配置混合型证券投资基金
002619,中银裕利灵活配置混合型证券投资基金
002620,中邮未来新蓝筹灵活配置混合型证券投资基金
002622,广发稳裕混合型证券投资基金
002624,广发优企精选灵活配置混合型证券投资基金
002626,招商丰源灵活配置混合型证券投资基金
002627,招商丰源灵活配置混合型证券投资基金
002628,招商安博灵活配置混合型证券投资基金
002629,招商安博灵活配置混合型证券投资基金
002630,江信瑞福灵活配置混合型证券投资基金
002631,江信瑞福灵活配置混合型证券投资基金
002634,华宝未来主导产业灵活配置混合型证券投资基金
002639,天弘价值精选灵活配置混合型发起式证券投资基金
002640,中信建投睿溢混合型证券投资基金
002643,鹏华兴利混合型证券投资基金
002649,民生加银智造2025灵活配置混合型证券投资基金
002653,泰康沪港深精选灵活配置混合型证券投资基金
002654,上投摩根策略精选灵活配置混合型证券投资基金
002655,南方卓享绝对收益策略定期开放混合型发起式证券投资基金
002657,招商安裕灵活配置混合型证券投资基金
002658,招商安裕灵活配置混合型证券投资基金
002660,兴业聚源混合型证券投资基金
002662,前海开源沪港深大消费主题精选灵活配置混合型证券投资基金
002663,前海开源沪港深大消费主题精选灵活配置混合型证券投资基金
002664,万家瑞和灵活配置混合型证券投资基金
002665,万家瑞和灵活配置混合型证券投资基金
002666,前海开源沪港深创新成长灵活配置混合型证券投资基金
002667,前海开源沪港深创新成长灵活配置混合型证券投资基金
002668,兴业聚丰混合型证券投资基金
002669,华商万众创新灵活配置混合型证券投资基金
002681,金鹰元和灵活配置混合型证券投资基金
002682,金鹰元和灵活配置混合型证券投资基金
002683,民生加银前沿科技灵活配置混合型证券投资基金
002685,中欧丰泓沪港深灵活配置混合型证券投资基金
002686,中欧丰泓沪港深灵活配置混合型证券投资基金
002690,前海开源恒泽混合型证券投资基金
002691,前海开源恒泽混合型证券投资基金
002692,富国创新科技混合型证券投资基金
002694,中银新蓝筹灵活配置混合型证券投资基金
002703,长城久源灵活配置混合型证券投资基金
002707,摩根士丹利科技领先灵活配置混合型证券投资基金
002708,摩根士丹利健康产业混合型证券投资基金
002713,广发转型升级灵活配置混合型证券投资基金
002714,鹏华金城灵活配置混合型证券投资基金
002717,红塔红土盛隆灵活配置混合型证券投资基金
002718,红塔红土盛隆灵活配置混合型证券投资基金
002728,华富益鑫灵活配置混合型证券投资基金
002729,华富益鑫灵活配置混合型证券投资基金
002730,华富华鑫灵活配置混合型证券投资基金
002731,华富华鑫灵活配置混合型证券投资基金
002732,长盛沪港深优势精选灵活配置混合型证券投资基金
002745,北信瑞丰丰利混合型证券投资基金
002746,汇添富多策略定期开放灵活配置混合型发起式证券投资基金
002767,泰康宏泰回报混合型证券投资基金
002768,华安安进灵活配置混合型发起式证券投资基金
002770,安信新回报灵活配置混合型证券投资基金
002771,安信新回报灵活配置混合型证券投资基金
002772,光大保德信产业新动力灵活配置混合型证券投资基金
002773,光大保德信铭鑫灵活配置混合型证券投资基金
002774,光大保德信铭鑫灵活配置混合型证券投资基金
002776,招商安荣灵活配置混合型证券投资基金
002777,招商安荣灵活配置混合型证券投资基金
002778,新疆前海联合新思路灵活配置混合型证券投资基金
002779,新疆前海联合新思路灵活配置混合型证券投资基金
002780,新疆前海联合泓鑫灵活配置混合型证券投资基金
002783,东方红价值精选混合型证券投资基金
002784,东方红价值精选混合型证券投资基金
002789,长盛同享灵活配置混合型证券投资基金
002790,长盛同享灵活配置混合型证券投资基金
002792,景顺长城顺益回报混合型证券投资基金
002793,景顺长城顺益回报混合型证券投资基金
002801,泓德泓信灵活配置混合型证券投资基金
002802,广发东财大数据精选灵活配置混合型证券投资基金
002803,东方红沪港深灵活配置混合型证券投资基金
002804,华泰柏瑞量化对冲稳健收益定期开放混合型发起式证券投资基金
002808,泓德优势领航灵活配置混合型证券投资基金
002810,金信转型创新成长灵活配置混合型发起式证券投资基金
002813,博时颐泰混合型证券投资基金
002814,博时颐泰混合型证券投资基金
002819,招商丰美灵活配置混合型证券投资基金
002820,招商丰美灵活配置混合型证券投资基金
002821,招商丰乐灵活配置混合型证券投资基金
002822,招商丰乐灵活配置混合型证券投资基金
002823,招商盛达灵活配置混合型证券投资基金
002824,招商盛达灵活配置混合型证券投资基金
002831,国投瑞银瑞宁灵活配置混合型证券投资基金
002833,华夏新锦绣灵活配置混合型证券投资基金
002834,华夏新锦绣灵活配置混合型证券投资基金
002837,华夏网购精选灵活配置混合型证券投资基金
002838,华夏新锦程灵活配置混合型证券投资基金
002839,华夏新锦程灵活配置混合型证券投资基金
002844,金鹰多元策略灵活配置混合型证券投资基金
002845,上投摩根安鑫回报混合型证券投资基金
002846,泓德泓华灵活配置混合型证券投资基金
002849,金信智能中国2025灵活配置混合型发起式证券投资基金
002850,南方甑智混合型发起式证券投资基金
002851,南方品质优选灵活配置混合型证券投资基金
002856,博时保丰保本混合型证券投资基金
002857,博时保丰保本混合型证券投资基金
002860,前海开源沪港深新机遇灵活配置混合型证券投资基金
002862,金信量化精选灵活配置混合型发起式证券投资基金
002863,金信深圳成长灵活配置混合型发起式证券投资基金
002885,摩根士丹利万众创新灵活配置混合型证券投资基金
002891,华夏移动互联灵活配置混合型证券投资基金(QDII)
002892,华夏移动互联灵活配置混合型证券投资基金(QDII)
002893,华夏移动互联灵活配置混合型证券投资基金(QDII)
002908,富国睿利定期开放混合型发起式证券投资基金
002910,易方达供给改革灵活配置混合型证券投资基金
002919,东吴智慧医疗量化策略灵活配置混合型证券投资基金
002923,兴业聚惠混合型证券投资基金
002931,南方荣毅定期开放混合型证券投资基金
002934,泰康恒泰回报灵活配置混合型证券投资基金
002935,泰康恒泰回报灵活配置混合型证券投资基金
002938,中银证券健康产业灵活配置混合型证券投资基金
002939,广发创新升级灵活配置混合型证券投资基金
002943,广发多因子灵活配置混合型证券投资基金
002945,大成盛世精选灵活配置混合型证券投资基金
002955,融通新趋势灵活配置混合型证券投资基金
002959,汇添富盈泰灵活配置混合型证券投资基金
002967,浙商大数据智选消费灵活配置混合型证券投资基金
002968,新华高端制造灵活配置混合型证券投资基金
002983,长信国防军工量化灵活配置混合型证券投资基金
002989,融通通乾研究精选灵活配置混合型证券投资基金
003000,招商丰德灵活配置混合型证券投资基金
003001,招商丰德灵活配置混合型证券投资基金
003004,招商睿祥定期开放混合型证券投资基金
003025,新华红利回报混合型证券投资基金
003026,安信新价值灵活配置混合型证券投资基金
003027,安信新价值灵活配置混合型证券投资基金
003028,安信新优选灵活配置混合型证券投资基金
003029,安信新优选灵活配置混合型证券投资基金
003030,安信新目标灵活配置混合型证券投资基金
003031,安信新目标灵活配置混合型证券投资基金
003032,平安医疗健康混合型证券投资基金
003033,南方荣冠定期开放混合型证券投资基金
003044,东方红战略精选沪港深混合型证券投资基金
003045,东方红战略精选沪港深混合型证券投资基金
003055,博时招财二号大数据保本混合型证券投资基金
003059,长信先利半年定期开放混合型证券投资基金
003062,银华通利灵活配置混合型证券投资基金
003063,银华通利灵活配置混合型证券投资基金
003095,中欧医疗健康混合型证券投资基金
003096,中欧医疗健康混合型证券投资基金
003104,泰达宏利定宏混合型证券投资基金
003105,光大保德信永鑫灵活配置混合型证券投资基金
003106,光大保德信永鑫灵活配置混合型证券投资基金
003115,光大保德信诚鑫灵活配置混合型证券投资基金
003116,光大保德信诚鑫灵活配置混合型证券投资基金
003117,光大保德信吉鑫灵活配置混合型证券投资基金
003118,光大保德信吉鑫灵活配置混合型证券投资基金
003119,博时鑫源灵活配置混合型证券投资基金
003120,博时鑫源灵活配置混合型证券投资基金
003125,中科沃土沃鑫成长精选灵活配置混合型发起式证券投资基金
003126,长信易进混合型证券投资基金
003127,长信易进混合型证券投资基金
003131,国寿安保强国智造灵活配置混合型证券投资基金
003132,德邦新回报灵活配置混合型证券投资基金
003142,鹏华弘达灵活配置混合型证券投资基金
003143,鹏华弘达灵活配置混合型证券投资基金
003144,华宝新机遇混合C
003147,大成动态量化配置策略混合型证券投资基金
003150,中欧睿诚定期开放混合型证券投资基金
003151,中欧睿诚定期开放混合型证券投资基金
003152,华富天鑫灵活配置混合型证券投资基金
003153,华富天鑫灵活配置混合型证券投资基金
003154,华宝新活力灵活配置混合型证券投资基金
003161,南方安泰混合型证券投资基金
003165,鹏华弘嘉灵活配置混合型证券投资基金
003166,鹏华弘嘉灵活配置混合型证券投资基金
003169,长盛盛辉混合型证券投资基金
003170,长盛盛辉混合型证券投资基金
003175,华泰柏瑞多策略灵活配置混合型证券投资基金
003182,华富弘鑫灵活配置混合型证券投资基金
003183,华富弘鑫灵活配置混合型证券投资基金
003186,鹏华兴安定期开放灵活配置混合型证券投资基金
003187,嘉实安益灵活配置混合型证券投资基金
003189,汇添富保鑫灵活配置混合型证券投资基金
003208,东兴量化多策略灵活配置混合型证券投资基金
003225,鹏华兴润定期开放灵活配置混合型证券投资基金
003234,中信保诚至利灵活配置混合型证券投资基金
003235,中信保诚至利灵活配置混合型证券投资基金
003238,新华外延增长主题灵活配置混合型证券投资基金
003241,创金合信量化发现灵活配置混合型证券投资基金
003242,创金合信量化发现灵活配置混合型证券投资基金
003243,摩根中国世纪灵活配置混合型证券投资基金(QDII)
003244,摩根中国世纪灵活配置混合型证券投资基金(QDII)
003245,摩根中国世纪灵活配置混合型证券投资基金(QDII)
003271,国联安鑫瑞混合型证券投资基金
003272,国联安鑫瑞混合型证券投资基金
003279,融通沪港深智慧生活灵活配置混合型证券投资基金
003282,中信保诚至裕灵活配置混合型证券投资基金
003283,中信保诚至裕灵活配置混合型证券投资基金
003284,中邮医药健康混合型证券投资基金
003291,信澳健康中国灵活配置混合型证券投资基金
003292,嘉实优势成长灵活配置混合型证券投资基金
003293,易方达科瑞灵活配置混合型证券投资基金
003294,嘉实新趋势灵活配置混合型证券投资基金C
003295,南方安裕混合型证券投资基金
003300,华夏圆和灵活配置混合型证券投资基金
003304,前海开源沪港深核心资源灵活配置混合型证券投资基金
003305,前海开源沪港深核心资源灵活配置混合型证券投资基金
003308,中信建投睿利灵活配置混合型发起式证券投资基金
003319,建信瑞丰添利混合型证券投资基金
003320,建信瑞丰添利混合型证券投资基金
003326,招商睿诚定期开放混合型证券投资基金
003331,博时乐臻定期开放混合型证券投资基金
003332,南方荣发定期开放混合型发起式证券投资基金
003333,泰信智选成长灵活配置混合型证券投资基金
003339,华安睿享定期开放混合型发起式证券投资基金
003340,华安睿享定期开放混合型发起式证券投资基金
003343,鹏华弘惠灵活配置混合型证券投资基金
003344,鹏华弘惠灵活配置混合型证券投资基金
003345,安信新成长灵活配置混合型证券投资基金
003346,安信新成长灵活配置混合型证券投资基金
003350,广发鑫盛18个月定期开放混合型证券投资基金
003351,招商稳荣定期开放灵活配置混合型证券投资基金
003352,招商稳荣定期开放灵活配置混合型证券投资基金
003355,招商稳祥定期开放灵活配置混合型证券投资基金
003356,招商稳祥定期开放灵活配置混合型证券投资基金
003362,国联安睿利定期开放混合型证券投资基金
003367,鹏华兴合定期开放灵活配置混合型证券投资基金
003368,鹏华兴合定期开放灵活配置混合型证券投资基金
003373,大成景禄灵活配置混合型证券投资基金
003374,大成景禄灵活配置混合型证券投资基金
003378,泰康策略优选灵活配置混合型证券投资基金
003379,中信保诚至选灵活配置混合型证券投资基金
003380,中信保诚至选灵活配置混合型证券投资基金
003396,东方红优享红利沪港深灵活配置混合型证券投资基金
003397,银华体育文化灵活配置混合型证券投资基金
003404,招商稳盛定期开放灵活配置混合型证券投资基金
003405,招商稳盛定期开放灵活配置混合型证券投资基金
003411,鹏华弘康灵活配置混合型证券投资基金
003412,鹏华弘康灵活配置混合型证券投资基金
003413,华泰柏瑞新经济沪港深灵活配置混合型证券投资基金
003414,泰达宏利创金灵活配置混合型证券投资基金
003415,泰达宏利创金灵活配置混合型证券投资基金
003432,中信保诚至瑞灵活配置混合型证券投资基金
003433,中信保诚至瑞灵活配置混合型证券投资基金
003434,博时鑫泽灵活配置混合型证券投资基金
003435,博时鑫泽灵活配置混合型证券投资基金
003436,博时鑫丰灵活配置混合型证券投资基金
003437,博时鑫丰灵活配置混合型证券投资基金
003446,英大睿鑫灵活配置混合型证券投资基金
003447,英大睿鑫灵活配置混合型证券投资基金
003456,信澳新目标灵活配置混合型证券投资基金
003476,南方安颐混合型证券投资基金
003477,南方睿见定期开放混合型发起式证券投资基金
003484,金鹰鑫益灵活配置混合型证券投资基金
003485,金鹰鑫益灵活配置混合型证券投资基金
003493,申万菱信安鑫优选混合型证券投资基金
003494,富国天惠精选成长混合型证券投资基金(LOF)
003495,鹏华弘尚灵活配置混合型证券投资基金
003496,鹏华弘尚灵活配置混合型证券投资基金
003501,宏利睿智稳健灵活配置混合型证券投资基金
003502,金鹰鑫瑞灵活配置混合型证券投资基金
003503,金鹰鑫瑞灵活配置混合型证券投资基金
003508,华安睿安定期开放混合型证券投资基金
003509,华安睿安定期开放混合型证券投资基金
003512,申万菱信安鑫优选混合型证券投资基金
003513,中邮消费升级灵活配置混合型发起式证券投资基金
003516,国泰融安多策略灵活配置混合型证券投资基金
003541,国联安睿智定期开放混合型证券投资基金
003550,宏利改革动力量化策略灵活配置混合型证券投资基金
003554,泰达宏利同顺大数据量化优选灵活配置混合型证券投资基金
003561,诺德成长精选灵活配置混合型证券投资基金
003562,诺德成长精选灵活配置混合型证券投资基金
003567,华夏行业景气混合型证券投资基金
003580,泰康沪港深价值优选灵活配置混合型证券投资基金
003581,新疆前海联合国民健康产业灵活配置混合型证券投资基金
003582,中金量化多策略灵活配置混合型证券投资基金
003586,先锋精一灵活配置混合型发起式证券投资基金
003587,先锋精一灵活配置混合型发起式证券投资基金
003591,华泰柏瑞享利灵活配置混合型证券投资基金
003592,华泰柏瑞享利灵活配置混合型证券投资基金
003593,国泰景气行业灵活配置混合型证券投资基金
003594,长盛盛崇灵活配置混合型证券投资基金
003595,长盛盛崇灵活配置混合型证券投资基金
003598,华商润丰灵活配置混合型证券投资基金
003601,申万菱信安鑫精选混合型证券投资基金
003602,申万菱信安鑫精选混合型证券投资基金
003603,景顺长城泰安回报灵活配置混合型证券投资基金
003604,景顺长城泰安回报灵活配置混合型证券投资基金
003610,南方荣安定期开放混合型证券投资基金
003611,南方荣安定期开放混合型证券投资基金
003626,平安鑫利灵活配置混合型证券投资基金
003629,摩根全球多元配置证券投资基金(QDII-FOF)
003630,摩根全球多元配置证券投资基金(QDII-FOF)
003631,摩根全球多元配置证券投资基金(QDII-FOF)
003632,招商稳乾定期开放灵活配置混合型证券投资基金
003633,招商稳乾定期开放灵活配置混合型证券投资基金
003641,长盛盛丰灵活配置混合型证券投资基金
003642,长盛盛丰灵活配置混合型证券投资基金
003655,信澳新财富灵活配置混合型证券投资基金
003658,长盛量化多策略灵活配置混合型证券投资基金
003659,山证资管策略精选灵活配置混合型证券投资基金
003663,鹏华兴泰定期开放灵活配置混合型证券投资基金
003667,天弘安盈灵活配置混合型证券投资基金
003670,国联物联网主题灵活配置混合型证券投资基金
003684,汇安丰融灵活配置混合型证券投资基金
003685,汇安丰融灵活配置混合型证券投资基金
003690,国泰鸿益灵活配置混合型证券投资基金
003692,大成景尚灵活配置混合型证券投资基金
003693,大成景尚灵活配置混合型证券投资基金
003697,华夏睿磐泰盛混合型证券投资基金
003704,光大保德信事件驱动灵活配置混合型证券投资基金
003713,英大睿盛灵活配置混合型证券投资基金
003714,英大睿盛灵活配置混合型证券投资基金
003715,宝盈消费主题灵活配置混合型证券投资基金
003717,中银量化精选灵活配置混合型证券投资基金
003734,万家瑞盈灵活配置混合型证券投资基金
003735,万家瑞盈灵活配置混合型证券投资基金
003739,新华鑫弘灵活配置混合型证券投资基金
003749,创金合信鑫收益灵活配置混合型证券投资基金
003750,创金合信鑫收益灵活配置混合型证券投资基金
003751,万家瑞隆混合型证券投资基金
003754,国泰普益灵活配置混合型证券投资基金
003755,国泰普益灵活配置混合型证券投资基金
003758,国泰稳益定期开放灵活配置混合型证券投资基金
003759,国泰稳益定期开放灵活配置混合型证券投资基金
003762,国开泰富开泰灵活配置混合型证券投资基金
003763,国开泰富开泰灵活配置混合型证券投资基金
003769,中银品质生活灵活配置混合型证券投资基金
003772,国联安鑫盛混合型证券投资基金
003773,国联安鑫盛混合型证券投资基金
003774,国联安鑫利混合型证券投资基金
003775,国联安鑫利混合型证券投资基金
003782,招商稳阳定期开放灵活配置混合型证券投资基金
003783,招商稳阳定期开放灵活配置混合型证券投资基金
003784,招商稳泰定期开放灵活配置混合型证券投资基金
003797,华安新瑞利灵活配置混合型证券投资基金
003798,华安新瑞利灵活配置混合型证券投资基金
003799,华安新泰利灵活配置混合型证券投资基金
003800,华安新泰利灵活配置混合型证券投资基金
003803,华安新丰利灵活配置混合型证券投资基金
003805,华安新恒利灵活配置混合型证券投资基金
003806,华安新恒利灵活配置混合型证券投资基金
003813,泰康金泰回报3个月定期开放混合型证券投资基金
003822,中信建投行业轮换混合型证券投资基金
003823,中信建投行业轮换混合型证券投资基金
003828,鹏华兴惠定期开放灵活配置混合型证券投资基金
003835,鹏华沪深港新兴成长灵活配置混合型证券投资基金
003839,易方达瑞通灵活配置混合型证券投资基金
003840,易方达瑞通灵活配置混合型证券投资基金
003842,中邮景泰灵活配置混合型证券投资基金
003843,中邮景泰灵活配置混合型证券投资基金
003845,汇安丰恒灵活配置混合型证券投资基金
003846,汇安丰恒灵活配置混合型证券投资基金
003848,中银广利灵活配置混合型证券投资基金
003849,中银广利灵活配置混合型证券投资基金
003850,中银锦利灵活配置混合型证券投资基金
003851,中银锦利灵活配置混合型证券投资基金
003854,汇安丰华灵活配置混合型证券投资基金
003855,汇安丰华灵活配置混合型证券投资基金
003857,前海开源周期优选灵活配置混合型证券投资基金
003858,前海开源周期优选灵活配置混合型证券投资基金
003861,招商兴福灵活配置混合型证券投资基金
003862,招商兴福灵活配置混合型证券投资基金
003877,富国久利稳健配置混合型证券投资基金
003878,富国久利稳健配置混合型证券投资基金
003882,易方达瑞弘灵活配置混合型证券投资基金
003883,易方达瑞弘灵活配置混合型证券投资基金
003886,汇安丰利灵活配置混合型证券投资基金
003887,汇安丰利灵活配置混合型证券投资基金
003889,汇安丰泽灵活配置混合型证券投资基金
003890,汇安丰泽灵活配置混合型证券投资基金
003895,安信新视野灵活配置混合型证券投资基金
003896,安信新视野灵活配置混合型证券投资基金
003900,交银施罗德瑞鑫六个月持有期混合型证券投资基金
003912,泰达宏利启富灵活配置混合型证券投资基金
003938,南方荣尊混合型证券投资基金
003939,南方荣尊混合型证券投资基金
003940,银华盛世精选灵活配置混合型发起式证券投资基金
003950,博时鑫润灵活配置混合型证券投资基金
003951,博时鑫润灵活配置混合型证券投资基金
003954,华泰柏瑞价值精选30灵活配置混合型证券投资基金
003955,国泰民丰回报定期开放灵活配置混合型证券投资基金
003959,平安大华量化灵活配置混合型证券投资基金
003960,平安大华量化灵活配置混合型证券投资基金
003961,易方达瑞程灵活配置混合型证券投资基金
003962,易方达瑞程灵活配置混合型证券投资基金
003966,中银润利灵活配置混合型证券投资基金
003967,中银润利灵活配置混合型证券投资基金
003970,华泰柏瑞兴利灵活配置混合型证券投资基金
003971,华泰柏瑞兴利灵活配置混合型证券投资基金
003980,中银证券瑞益灵活配置混合型证券投资基金
003981,中银证券瑞益灵活配置混合型证券投资基金
003991,富国富利稳健配置混合型证券投资基金
003992,富国富利稳健配置混合型证券投资基金
003993,前海开源沪港深核心驱动灵活配置混合型证券投资基金
004000,泰达宏利睿选稳健灵活配置混合型证券投资基金
004005,东方民丰回报赢安混合型证券投资基金
004006,东方民丰回报赢安混合型证券投资基金
004008,国联鑫思路灵活配置混合型证券投资基金
004009,国联鑫思路灵活配置混合型证券投资基金
004010,华泰柏瑞鼎利灵活配置混合型证券投资基金
004011,华泰柏瑞鼎利灵活配置混合型证券投资基金
004023,广发量化稳健混合型证券投资基金
004044,金鹰转型动力灵活配置混合型证券投资基金
004046,华夏新锦顺灵活配置混合型证券投资基金
004048,华夏新锦汇灵活配置混合型证券投资基金
004050,华夏新锦升灵活配置混合型证券投资基金
004051,华夏新锦升灵活配置混合型证券投资基金
004065,中融量化多因子混合型发起式证券投资基金
004067,中融鑫回报灵活配置混合型证券投资基金
004068,中融鑫回报灵活配置混合型证券投资基金
004076,国联安锐意成长混合型证券投资基金
004081,国联安鑫乾混合型证券投资基金
004082,国联安鑫乾混合型证券投资基金
004083,国联安鑫隆混合型证券投资基金
004084,国联安鑫隆混合型证券投资基金
004091,博时沪港深价值优选灵活配置混合型证券投资基金
004092,博时沪港深价值优选灵活配置混合型证券投资基金
004096,鹏华兴康灵活配置混合型证券投资基金
004099,前海开源沪港深景气行业精选灵活配置混合型证券投资基金
004100,鹏华安益增强混合型证券投资基金
004112,创金合信国企活力混合型证券投资基金
004119,广发创新驱动灵活配置混合型证券投资基金
004128,新疆前海联合泳隆灵活配置混合型证券投资基金
004129,国联安鑫汇混合型证券投资基金
004130,国联安鑫汇混合型证券投资基金
004131,国联安鑫发混合型证券投资基金
004132,国联安鑫发混合型证券投资基金
004135,申万菱信量化成长混合型证券投资基金
004138,上银鑫达灵活配置混合型证券投资基金
004139,中邮军民融合灵活配置混合型证券投资基金
004142,招商盛合灵活配置混合型证券投资基金
004143,招商盛合灵活配置混合型证券投资基金
004148,圆信永丰多策略精选混合型证券投资基金
004149,博时鑫惠灵活配置混合型证券投资基金
004150,博时鑫惠灵活配置混合型证券投资基金
004153,中信保诚新悦回报灵活配置混合型证券投资基金
004154,中信保诚新悦回报灵活配置混合型证券投资基金
004157,中信保诚至诚灵活配置混合型证券投资基金
004158,中信保诚至诚灵活配置混合型证券投资基金
004165,北信瑞丰增强回报定期开放混合型证券投资基金
004166,东方价值挖掘灵活配置混合型证券投资基金
004171,中信保诚永益一年定期开放混合型证券投资基金
004172,中信保诚永益一年定期开放混合型证券投资基金
004175,博时鑫泰灵活配置混合型证券投资基金
004176,博时鑫泰灵活配置混合型证券投资基金
004182,建信瑞福添利混合型证券投资基金
004183,富国产业升级混合型证券投资基金
004202,华夏泰兴混合型证券投资基金
004205,东方支柱产业灵活配置混合型证券投资基金
004206,华商元亨灵活配置混合型证券投资基金
004209,大成智惠量化多策略灵活配置混合型证券投资基金
004211,金鹰周期优选灵活配置混合型证券投资基金
004212,中融量化智选混合型证券投资基金
004218,前海开源裕和混合型证券投资基金
004219,中海添顺定期开放混合型证券投资基金
004221,长信量化先锋混合型证券投资基金
004223,金信多策略精选灵活配置混合型证券投资基金
004224,南方军工改革灵活配置混合型证券投资基金
004225,国寿安保稳诚混合型证券投资基金
004226,国寿安保稳诚混合型证券投资基金
004227,泰信鑫利混合型证券投资基金
004228,泰信鑫利混合型证券投资基金
004229,鹏华新能源产业灵活配置混合型证券投资基金
004231,中欧行业成长混合型证券投资基金(LOF)
004232,中欧价值发现混合型证券投资基金
004233,中欧盛世成长混合型证券投资基金(LOF)
004234,中欧数据挖掘多因子灵活配置混合型证券投资基金
004235,中欧价值智选回报混合型证券投资基金
004236,中欧新动力混合型证券投资基金(LOF)
004237,中欧新蓝筹灵活配置混合型证券投资基金
004244,东方周期优选灵活配置混合型证券投资基金
004249,安信中国制造2025沪港深灵活配置混合型证券投资基金
004250,银河量化优选混合型证券投资基金
004252,国泰安益灵活配置混合型证券投资基金
004258,国寿安保稳嘉混合型证券投资基金
004259,国寿安保稳嘉混合型证券投资基金
004260,德邦稳盈增长灵活配置混合型证券投资基金A
004263,华安沪港深机会灵活配置混合型证券投资基金
004265,金鹰民丰回报定期开放混合型证券投资基金
004266,招商沪港深科技创新主题精选灵活配置混合型证券投资基金
004270,汇添富民丰回报混合型证券投资基金
004271,汇添富民丰回报混合型证券投资基金
004274,浦银安盛安恒回报定期开放混合型证券投资基金
004275,浦银安盛安恒回报定期开放混合型证券投资基金
004276,浦银安盛安和回报定期开放混合型证券投资基金
004277,浦银安盛安和回报定期开放混合型证券投资基金
004278,东方红智逸沪港深定期开放混合型发起式证券投资基金
004279,国寿安保稳荣混合型证券投资基金
004280,国寿安保稳荣混合型证券投资基金
004283,中欧达安一年定期开放混合型证券投资基金
004284,华宝新优选一年定期开放灵活配置混合型证券投资基金
004301,国寿安保稳信混合型证券投资基金
004302,国寿安保稳信混合型证券投资基金
004314,前海开源沪港深新硬件主题灵活配置混合型证券投资基金
004315,前海开源沪港深新硬件主题灵活配置混合型证券投资基金
004316,前海开源沪港深裕鑫灵活配置混合型证券投资基金
004317,前海开源沪港深裕鑫灵活配置混合型证券投资基金
004320,前海开源沪港深乐享生活灵活配置混合型证券投资基金
004321,前海开源沪港深强国产业灵活配置混合型证券投资基金
004326,国联安鑫怡混合型证券投资基金
004327,国联安鑫怡混合型证券投资基金
004332,恒生前海沪港深新兴产业精选混合型证券投资基金
004335,华宝新飞跃灵活配置混合型证券投资基金
004340,泰康兴泰回报沪港深混合型证券投资基金
004341,农银汇理尖端科技灵活配置混合型证券投资基金
004351,汇丰晋信珠三角区域发展混合型证券投资基金
004353,嘉实新添华定期开放混合型证券投资基金
004355,嘉实丰和灵活配置混合型证券投资基金
004357,南方智慧精选灵活配置混合型证券投资基金
004359,创金合信量化核心混合型证券投资基金
004360,创金合信量化核心混合型证券投资基金
004361,摩根安通回报混合型证券投资基金
004362,摩根安通回报混合型证券投资基金
004374,华泰保兴吉年丰混合型发起式证券投资基金
004375,华泰保兴吉年丰混合型发起式证券投资基金
004385,中金新安灵活配置混合型证券投资基金
004390,平安转型创新灵活配置混合型证券投资基金
004391,平安转型创新灵活配置混合型证券投资基金
004393,安信企业价值优选混合型证券投资基金
004394,华泰柏瑞量化创优灵活配置混合型证券投资基金
004397,长盛信息安全量化策略灵活配置混合型证券投资基金
004405,国寿安保稳寿混合型证券投资基金
004406,国寿安保稳寿混合型证券投资基金
004413,建信民丰回报定期开放混合型证券投资基金
004423,华商研究精选灵活配置混合型证券投资基金
004424,汇添富文体娱乐主题混合型证券投资基金
004429,南方文旅休闲灵活配置混合型证券投资基金
004434,博时逆向投资混合型证券投资基金
004435,博时逆向投资混合型证券投资基金
004436,汇添富年年泰定期开放混合型证券投资基金
004437,汇添富年年泰定期开放混合型证券投资基金
004442,中欧康裕混合型证券投资基金
004443,南方荣知定期开放混合型证券投资基金
004444,南方荣知定期开放混合型证券投资基金
004446,南方荣年一年持有期混合型证券投资基金
004447,南方荣年一年持有期混合型证券投资基金
004448,博时汇智回报灵活配置混合型证券投资基金
004453,前海开源盈鑫灵活配置混合型证券投资基金
004454,前海开源盈鑫灵活配置混合型证券投资基金
004455,中欧康裕混合型证券投资基金
004456,兴银消费新趋势灵活配置混合型证券投资基金
004457,光大保德信多策略智选18个月定期开放混合型证券投资基金
004460,富国嘉利稳健配置定期开放混合型证券投资基金
004466,长盛盛杰混合型证券投资基金
004468,建信瑞福添利混合型证券投资基金
004475,华泰柏瑞富利灵活配置混合型证券投资基金
004477,嘉实沪港深回报混合型证券投资基金
004480,华宝智慧产业灵活配置混合型证券投资基金
004481,华宝第三产业灵活配置混合型证券投资基金
004489,鹏华量化策略灵活配置混合型证券投资基金
004495,博时量化平衡混合型证券投资基金
004496,前海开源多元策略灵活配置混合型证券投资基金
004497,前海开源多元策略灵活配置混合型证券投资基金
004505,博时新兴消费主题混合型证券投资基金
004508,融通新动力灵活配置混合型证券投资基金
004510,九泰久盛量化先锋灵活配置混合型证券投资基金
004514,鹏华新科技传媒灵活配置混合型证券投资基金
004517,南方安康混合型证券投资基金
004521,安信工业4.0主题沪港深精选灵活配置混合型证券投资基金
004522,安信工业4.0主题沪港深精选灵活配置混合型证券投资基金
004525,中欧达乐一年定期开放混合型证券投资基金
004536,嘉实中小企业量化活力灵活配置混合型证券投资基金
004546,建信量化优享定期开放灵活配置混合型证券投资基金
004549,富安达消费主题灵活配置混合型证券投资基金
004551,中银证券瑞享定期开放灵活配置混合型证券投资基金
004552,中银证券瑞享定期开放灵活配置混合型证券投资基金
004557,北信瑞丰鼎丰灵活配置混合型发起式证券投资基金
004558,汇安丰裕灵活配置混合型证券投资基金
004559,汇安丰裕灵活配置混合型证券投资基金
004560,汇安丰益灵活配置混合型证券投资基金
004561,汇安丰益灵活配置混合型证券投资基金
004569,招商制造业转型灵活配置混合型证券投资基金
004573,新华鑫泰灵活配置混合型证券投资基金
004576,新华恒益量化灵活配置混合型证券投资基金
004587,中金丰沃灵活配置混合型证券投资基金
004588,中金丰沃灵活配置混合型证券投资基金
004592,安信量化多因子灵活配置混合型证券投资基金
004595,天弘天盈灵活配置混合型证券投资基金
004604,富国新活力灵活配置混合型发起式证券投资基金
004605,富国新活力灵活配置混合型发起式证券投资基金
004607,长信利尚一年定期开放混合型证券投资基金
004608,长信乐信灵活配置混合型证券投资基金
004609,长信乐信灵活配置混合型证券投资基金
004617,建信鑫稳回报灵活配置混合型证券投资基金
004618,建信鑫稳回报灵活配置混合型证券投资基金
004620,国泰恒益灵活配置混合型证券投资基金
004621,国泰恒益灵活配置混合型证券投资基金
004622,国泰瑞益灵活配置混合型证券投资基金
004623,国泰瑞益灵活配置混合型证券投资基金
004634,新疆前海联合泳涛灵活配置混合型证券投资基金
004635,中信建投睿利灵活配置混合型发起式证券投资基金
004636,中信建投智信物联网灵活配置混合型证券投资基金
004641,万家量化睿选灵活配置混合型证券投资基金
004648,南方安睿混合型证券投资基金
004649,国开泰富开航灵活配置混合型发起式证券投资基金
004652,建信鑫利回报灵活配置混合型证券投资基金
004653,建信鑫利回报灵活配置混合型证券投资基金
004658,金鹰民富收益混合型证券投资基金
004659,银河嘉祥灵活配置混合型证券投资基金
004660,银河嘉祥灵活配置混合型证券投资基金
004666,长城久嘉创新成长灵活配置混合型证券投资基金
004668,建信鑫泽回报灵活配置混合型证券投资基金
004669,建信鑫泽回报灵活配置混合型证券投资基金
004670,长盛分享经济主题灵活配置混合型证券投资基金
004671,国联核心成长灵活配置混合型证券投资基金
004674,富国新机遇灵活配置混合型发起式证券投资基金
004675,富国新机遇灵活配置混合型发起式证券投资基金
004676,中信建投睿信灵活配置混合型证券投资基金
004677,博时战略新兴产业混合型证券投资基金
004680,前海开源裕瑞混合型证券投资基金
004685,金元顺安元启灵活配置混合型证券投资基金
004687,汇添富熙和精选混合型证券投资基金
004688,汇添富熙和精选混合型证券投资基金
004693,新疆前海联合泳隽灵活配置混合型证券投资基金
004694,天弘策略精选灵活配置混合型发起式证券投资基金
004695,东兴未来价值灵活配置混合型证券投资基金
004696,东兴量化优享灵活配置混合型证券投资基金
004702,南方金融主题灵活配置混合型证券投资基金
004703,南方兴盛先锋灵活配置混合型证券投资基金
004707,景顺长城睿成灵活配置混合型证券投资基金
004710,民生加银鹏程混合型证券投资基金
004712,中金丰鸿灵活配置混合型证券投资基金
004713,中金丰鸿灵活配置混合型证券投资基金
004714,中金丰颐灵活配置混合型证券投资基金
004715,中金丰颐灵活配置混合型证券投资基金
004719,景顺长城睿成灵活配置混合型证券投资基金
004720,华夏睿磐泰茂混合型证券投资基金
004721,华夏睿磐泰茂混合型证券投资基金
004724,先锋聚元灵活配置混合型证券投资基金
004725,先锋聚元灵活配置混合型证券投资基金
004726,先锋聚优灵活配置混合型证券投资基金
004727,先锋聚优灵活配置混合型证券投资基金
004731,万家瑞尧灵活配置混合型证券投资基金
004732,万家瑞尧灵活配置混合型证券投资基金
004734,中欧瑾灵灵活配置混合型证券投资基金
004735,中欧瑾灵灵活配置混合型证券投资基金
004737,富国新优享灵活配置混合型证券投资基金
004738,摩根安隆回报混合型证券投资基金
004739,摩根安隆回报混合型证券投资基金
004740,中欧瑞丰灵活配置混合型证券投资基金(LOF)
004741,农银汇理区间策略灵活配置混合型证券投资基金
004745,长盛创新驱动灵活配置混合型证券投资基金
004747,富国新优享灵活配置混合型证券投资基金
004748,天弘策略精选灵活配置混合型发起式证券投资基金
004750,广发鑫和灵活配置混合型证券投资基金
004751,广发鑫和灵活配置混合型证券投资基金
004756,国寿安保稳吉混合型证券投资基金
004757,国寿安保稳吉混合型证券投资基金
004760,国寿安保稳瑞混合型证券投资基金
004761,国寿安保稳瑞混合型证券投资基金
004763,中科沃土沃嘉灵活配置混合型证券投资基金
004764,中科沃土沃嘉灵活配置混合型证券投资基金
004768,申万菱信价值优享混合型证券投资基金
004769,申万菱信价值优先混合型证券投资基金
004772,国寿安保稳泰一年定期开放混合型证券投资基金
004773,国寿安保稳泰一年定期开放混合型证券投资基金
004774,汇添富添福吉祥混合型证券投资基金
004775,嘉实新添泽定期开放混合型证券投资基金
004777,国都消费升级灵活配置混合型发起式证券投资基金
004778,上投摩根安腾回报混合型证券投资基金
004779,上投摩根安腾回报混合型证券投资基金
004783,中融量化智选混合型证券投资基金
004785,中融量化多因子混合型发起式证券投资基金
004794,富荣福鑫灵活配置混合型证券投资基金
004795,富荣福鑫灵活配置混合型证券投资基金
004798,建信智享添鑫定期开放混合型证券投资基金
004801,浦银安盛安久回报定期开放混合型证券投资基金
004802,浦银安盛安久回报定期开放混合型证券投资基金
004806,长信先机两年定期开放灵活配置混合型证券投资基金
004809,新疆前海联合润丰灵活配置混合型证券投资基金
004814,中欧红利优享灵活配置混合型证券投资基金
004815,中欧红利优享灵活配置混合型证券投资基金
004818,国寿安保目标策略灵活配置混合型发起式证券投资基金
004819,国寿安保目标策略灵活配置混合型发起式证券投资基金
004823,摩根安裕回报混合型证券投资基金
004824,摩根安裕回报混合型证券投资基金
004829,北信瑞丰兴瑞灵活配置混合型证券投资基金
004833,先锋聚利灵活配置混合型证券投资基金
004834,先锋聚利灵活配置混合型证券投资基金
004836,国联鑫价值灵活配置混合型证券投资基金
004837,国联鑫价值灵活配置混合型证券投资基金
004840,东兴品牌精选灵活配置混合型证券投资基金
004845,南华瑞盈混合型发起式证券投资基金
004846,南华瑞盈混合型发起式证券投资基金
004848,中欧睿泓定期开放灵活配置混合型证券投资基金
004852,广发价值回报混合型证券投资基金
004853,广发价值回报混合型证券投资基金
004868,交银施罗德股息优化混合型证券投资基金
004871,中银金融地产混合型证券投资基金
004877,汇添富全球医疗保健混合型证券投资基金
004878,汇添富全球医疗保健混合型证券投资基金
004879,汇添富全球医疗保健混合型证券投资基金
004883,中银证券瑞丰定期开放灵活配置混合型证券投资基金
004884,中银证券瑞丰定期开放灵活配置混合型证券投资基金
004888,财通资管鑫逸回报混合型证券投资基金
004889,财通资管鑫逸回报混合型证券投资基金
004890,中邮健康文娱灵活配置混合型证券投资基金
004895,华商鑫安灵活配置混合型证券投资基金
004900,财通资管鑫锐回报混合型证券投资基金
004901,财通资管鑫锐回报混合型证券投资基金
004905,华泰柏瑞生物医药灵活配置混合型证券投资基金
004913,中银证券聚瑞混合型证券投资基金
004914,中银证券聚瑞混合型证券投资基金
004915,北信瑞丰尊赢定期开放混合型证券投资基金
004916,嘉实新添丰定期开放混合型证券投资基金
004917,中银证券祥瑞混合型证券投资基金
004918,中银证券祥瑞混合型证券投资基金
004926,中航军民融合精选混合型证券投资基金
004927,中航军民融合精选混合型证券投资基金
004928,华润元大欣享混合型发起式证券投资基金
004929,华润元大欣享混合型发起式证券投资基金
004930,华润元大价值优选混合型发起式证券投资基金
004931,华润元大价值优选混合型发起式证券投资基金
004932,招商丰拓灵活配置混合型证券投资基金
004933,招商丰拓灵活配置混合型证券投资基金
004934,圆信永丰消费升级灵活配置混合型证券投资基金
004935,国都智能制造混合型发起式证券投资基金
004936,中航混改精选混合型证券投资基金
004937,中航混改精选混合型证券投资基金
004942,格林伯元灵活配置混合型证券投资基金
004943,格林伯元灵活配置混合型证券投资基金
004944,鑫元鑫趋势灵活配置混合型证券投资基金
004946,汇添富盈润混合型证券投资基金
004947,汇添富盈润混合型证券投资基金
004948,鑫元鑫趋势灵活配置混合型证券投资基金
004951,申万菱信价值优利混合型证券投资基金
004958,圆信永丰优享生活灵活配置混合型证券投资基金
004959,圆信永丰优悦生活混合型证券投资基金
004965,泓德致远混合型证券投资基金
004966,泓德致远混合型证券投资基金
004975,交银施罗德恒益灵活配置混合型证券投资基金
004976,华润元大景泰混合型证券投资基金
004977,华润元大景泰混合型证券投资基金
004982,新华安享多裕定期开放灵活配置混合型证券投资基金
004986,鹏华策略回报灵活配置混合型证券投资基金
004987,诺德新享灵活配置混合型证券投资基金
004988,人保双利优选混合型证券投资基金
004989,人保双利优选混合型证券投资基金
005000,泰康泉林量化价值精选混合型证券投资基金
005001,交银施罗德持续成长主题混合型证券投资基金
005004,交银施罗德品质升级混合型证券投资基金
005005,中金瑞安量化精选混合型发起式证券投资基金
005006,中金瑞安量化精选混合型发起式证券投资基金
005007,景顺长城景瑞睿利回报混合型证券投资基金
005014,泰康景泰回报混合型证券投资基金
005015,泰康景泰回报混合型证券投资基金
005018,国金民丰回报6个月定期开放混合型证券投资基金
005021,渤海汇金量化汇盈灵活配置混合型证券投资基金
005027,光大保德信多策略优选一年定期开放灵活配置混合型证券投资基金
005028,鹏华研究精选灵活配置混合型证券投资基金
005029,中银产业精选混合型证券投资基金
005030,中银产业精选混合型证券投资基金
005039,鹏扬景兴混合型证券投资基金
005040,鹏扬景兴混合型证券投资基金
005041,人保研究精选混合型证券投资基金
005043,国寿安保健康科学混合型证券投资基金
005044,国寿安保健康科学混合型证券投资基金
005049,长安鑫旺价值灵活配置混合型证券投资基金
005050,长安鑫旺价值灵活配置混合型证券投资基金
005053,银河量化价值混合型证券投资基金
005055,华泰柏瑞量化阿尔法灵活配置混合型证券投资基金
005059,南方安福混合型证券投资基金
005061,农银汇理永益定期开放混合型证券投资基金
005067,融通逆向策略灵活配置混合型证券投资基金
005075,富国研究量化精选混合型证券投资基金
005076,创金合信优选回报灵活配置混合型证券投资基金
005080,海富通量化多因子灵活配置混合型证券投资基金
005081,海富通量化多因子灵活配置混合型证券投资基金
005082,诺德量化蓝筹增强混合型证券投资基金
005083,诺德量化蓝筹增强混合型证券投资基金
005084,平安量化先锋混合型发起式证券投资基金
005085,平安量化先锋混合型发起式证券投资基金
005088,嘉实新添辉定期开放灵活配置混合型证券投资基金
005089,嘉实新添辉定期开放灵活配置混合型证券投资基金
005090,嘉合睿金混合型发起式证券投资基金
005091,嘉合睿金混合型发起式证券投资基金
005094,万家臻选混合型证券投资基金
005095,国泰量化成长优选混合型证券投资基金
005096,国泰量化成长优选混合型证券投资基金
005104,富荣福康混合型证券投资基金
005105,富荣福康混合型证券投资基金
005108,圆信永丰双利优选定期开放灵活配置混合型证券投资基金
005109,汇安多策略灵活配置混合型证券投资基金
005110,汇安多策略灵活配置混合型证券投资基金
005111,泰康泉林量化价值精选混合型证券投资基金
005115,国泰量化价值精选混合型证券投资基金
005116,国泰量化价值精选混合型证券投资基金
005117,金信价值精选灵活配置混合型发起式证券投资基金
005118,金信价值精选灵活配置混合型发起式证券投资基金
005119,银华智荟内在价值灵活配置混合型发起式证券投资基金
005120,摩根量化多因子灵活配置混合型证券投资基金
005123,南方优享分红灵活配置混合型证券投资基金
005126,银河量化稳进混合型证券投资基金
005128,华夏永康添福混合型证券投资基金
005129,富国金利定期开放混合型证券投资基金
005130,富国金利定期开放混合型证券投资基金
005133,兴业量化精选灵活配置混合型发起式证券投资基金
005136,华安幸福生活混合型证券投资基金
005140,华夏睿磐泰荣混合型证券投资基金
005141,华夏睿磐泰荣混合型证券投资基金
005142,国联沪港深大消费主题灵活配置混合型发起式证券投资基金
005143,国联沪港深大消费主题灵活配置混合型发起式证券投资基金
005146,兴银丰润灵活配置混合型证券投资基金
005154,博时鑫禧灵活配置混合型证券投资基金
005155,博时鑫禧灵活配置混合型证券投资基金
005156,嘉实领航资产配置混合型基金中基金(FOF)
005157,嘉实领航资产配置混合型基金中基金(FOF)
005164,富荣福锦混合型证券投资基金
005165,富荣福锦混合型证券投资基金
005166,嘉实润和量化6个月定期开放混合型证券投资基金
005167,嘉实润泽量化一年定期开放混合型证券投资基金
005168,信达澳银新征程定期开放灵活配置混合型证券投资基金
005169,华泰保兴策略精选灵活配置混合型发起式证券投资基金
005170,华泰保兴策略精选灵活配置混合型发起式证券投资基金
005175,国寿安保消费新蓝海灵活配置混合型证券投资基金
005176,富国精准医疗灵活配置混合型证券投资基金
005177,华夏睿磐泰利混合型证券投资基金
005178,华夏睿磐泰利混合型证券投资基金
005179,信达澳银新起点定期开放灵活配置混合型证券投资基金
005186,长安鑫兴灵活配置混合型证券投资基金
005187,长安鑫兴灵活配置混合型证券投资基金
005191,博时鑫和灵活配置混合型证券投资基金
005192,博时鑫和灵活配置混合型证券投资基金
005197,工银瑞信沪港深精选灵活配置混合型证券投资基金
005198,工银瑞信沪港深精选灵活配置混合型证券投资基金
005206,南方优选成长混合型证券投资基金
005207,南方高端装备混合型证券投资基金
005211,银河智慧主题灵活配置混合型证券投资基金
005215,南方全天候策略混合型基金中基金(FOF)
005216,南方全天候策略混合型基金中基金(FOF)
005217,建信福泽安泰混合型基金中基金(FOF)
005218,华夏聚惠稳健目标风险混合型基金中基金(FOF)
005219,华夏聚惠稳健目标风险混合型基金中基金(FOF)
005220,海富通聚优精选混合型基金中基金(FOF)
005221,宏利全能优选混合型基金中基金(FOF)
005222,宏利全能优选混合型基金中基金(FOF)
005225,广发量化多因子灵活配置混合型证券投资基金
005226,山证资管改革精选灵活配置混合型证券投资基金
005228,汇添富港股通专注成长混合型证券投资基金
005231,红塔红土盛通灵活配置混合型发起式证券投资基金
005232,红塔红土盛通灵活配置混合型发起式证券投资基金
005233,广发睿毅领先混合型证券投资基金
005241,中欧时代智慧混合型证券投资基金
005242,中欧时代智慧混合型证券投资基金
005244,国泰聚优价值灵活配置混合型证券投资基金
005245,国泰聚优价值灵活配置混合型证券投资基金
005247,国都量化精选混合型证券投资基金
005250,银华估值优势混合型证券投资基金
005251,银华多元动力灵活配置混合型证券投资基金
005252,中海添瑞定期开放混合型证券投资基金
005255,浦银安盛港股通量化优选灵活配置混合型证券投资基金
005256,富国新优选灵活配置定期开放混合型证券投资基金
005257,富国新优选灵活配置定期开放混合型证券投资基金
005258,景顺长城量化平衡灵活配置混合型证券投资基金
005260,银华稳健增利灵活配置混合型发起式证券投资基金
005261,银华稳健增利灵活配置混合型发起式证券投资基金
005262,鑫元欣享灵活配置混合型证券投资基金
005263,鑫元欣享灵活配置混合型证券投资基金
005265,博时厚泽回报灵活配置混合型证券投资基金
005266,博时厚泽回报灵活配置混合型证券投资基金
005269,华泰柏瑞港股通量化灵活配置混合型证券投资基金
005270,太平改革红利精选灵活配置混合型证券投资基金
005274,中银景福回报混合型证券投资基金
005275,中欧创新成长灵活配置混合型证券投资基金
005276,中欧创新成长灵活配置混合型证券投资基金
005278,中欧优势行业灵活配置混合型证券投资基金
005280,安信稳健阿尔法定期开放混合型发起式证券投资基金
005281,中科沃土转型升级灵活配置混合型证券投资基金
005290,诺德新盛灵活配置混合型证券投资基金
005291,华富星玉衡一年定期开放混合型证券投资基金
005292,华富星玉衡一年定期开放混合型证券投资基金
005293,诺德新旺灵活配置混合型证券投资基金
005294,诺德新宜灵活配置混合型证券投资基金
005295,诺德天富灵活配置混合型证券投资基金
005296,南华丰淳混合型证券投资基金
005297,南华丰淳混合型证券投资基金
005299,万家成长优选灵活配置混合型证券投资基金
005300,万家成长优选灵活配置混合型证券投资基金
005305,长信合利混合型证券投资基金
005306,长信合利混合型证券投资基金
005311,万家经济新动能混合型证券投资基金
005312,万家经济新动能混合型证券投资基金
005317,万家瑞舜灵活配置混合型证券投资基金
005318,万家瑞舜灵活配置混合型证券投资基金
005323,前海开源泽鑫灵活配置混合型证券投资基金
005324,前海开源泽鑫灵活配置混合型证券投资基金
005329,汇添富民安增益定期开放混合型证券投资基金
005330,汇添富民安增益定期开放混合型证券投资基金
005331,益民优势安享灵活配置混合型证券投资基金
005335,浙商全景消费混合型证券投资基金
005341,长安裕泰灵活配置混合型证券投资基金
005342,长安裕泰灵活配置混合型证券投资基金
005343,长安裕盛灵活配置混合型证券投资基金
005344,长安裕盛灵活配置混合型证券投资基金
005351,汇添富行业整合主题混合型证券投资基金
005352,鹏扬景泰成长混合型发起式证券投资基金
005353,鹏扬景泰成长混合型发起式证券投资基金
005354,富国沪港深行业精选灵活配置混合型发起式证券投资基金
005355,中金金序量化成长混合型证券投资基金
005356,中金金序量化成长混合型证券投资基金
005357,富国国企改革灵活配置混合型证券投资基金
005358,东方阿尔法精选灵活配置混合型发起式证券投资基金
005359,东方阿尔法精选灵活配置混合型发起式证券投资基金
005360,汇安资产轮动灵活配置混合型证券投资基金
005368,富国清洁能源产业灵活配置混合型证券投资基金
005370,申万菱信价值优选灵活配置混合型证券投资基金
005371,中加心悦灵活配置混合型证券投资基金
005372,中加心悦灵活配置混合型证券投资基金
005373,中加紫金灵活配置混合型证券投资基金
005374,中加紫金灵活配置混合型证券投资基金
005376,北信瑞丰华丰灵活配置混合型证券投资基金
005379,汇添富价值创造定期开放混合型证券投资基金
005381,泰康睿利量化多策略混合型证券投资基金
005382,泰康睿利量化多策略混合型证券投资基金
005386,银河睿达灵活配置混合型证券投资基金
005387,银河睿达灵活配置混合型证券投资基金
005392,长信价值蓝筹两年定期开放灵活配置混合型证券投资基金
005395,泓德臻远回报灵活配置混合型证券投资基金
005396,中金丰硕混合型证券投资基金
005397,南方安养混合型证券投资基金
005399,长信量化价值驱动混合型证券投资基金
005400,万家潜力价值灵活配置混合型证券投资基金
005401,万家潜力价值灵活配置混合型证券投资基金
005403,南方融尚再融资主题精选灵活配置混合型证券投资基金
005404,创金合信价值红利灵活配置混合型证券投资基金
005405,中金金序量化蓝筹混合型证券投资基金
005406,中金金序量化蓝筹混合型证券投资基金
005409,华泰柏瑞战略新兴产业混合型证券投资基金
005412,金信民长灵活配置混合型证券投资基金
005413,金信民长灵活配置混合型证券投资基金
005416,鹏华尊惠18个月定期开放混合型证券投资基金
005417,鹏华尊惠18个月定期开放混合型证券投资基金
005418,申万菱信量化驱动混合型证券投资基金
005421,中欧嘉泽灵活配置混合型证券投资基金
005429,渤海汇金睿选混合型发起式证券投资基金
005430,渤海汇金睿选混合型发起式证券投资基金
005434,鹏华睿投灵活配置混合型证券投资基金
005437,易方达易百智能量化策略灵活配置混合型证券投资基金
005438,易方达易百智能量化策略灵活配置混合型证券投资基金
005440,华安全球稳健配置证券投资基金
005441,华安全球稳健配置证券投资基金
005443,国金量化多策略灵活配置混合型证券投资基金
005445,华宝价值发现混合型证券投资基金
005447,银华智荟分红收益灵活配置混合型发起式证券投资基金
005449,华夏行业龙头混合型证券投资基金
005450,华夏稳盛灵活配置混合型证券投资基金
005453,前海开源医疗健康灵活配置混合型证券投资基金
005454,前海开源医疗健康灵活配置混合型证券投资基金
005458,中邮安泰双核混合型证券投资基金
005463,银华多元收益定期开放混合型证券投资基金
005464,银华多元收益定期开放混合型证券投资基金
005472,富国价值驱动灵活配置混合型证券投资基金
005473,富国价值驱动灵活配置混合型证券投资基金
005474,泰康均衡优选混合型证券投资基金
005475,泰康均衡优选混合型证券投资基金
005477,长安鑫禧灵活配置混合型证券投资基金
005478,长安鑫禧灵活配置混合型证券投资基金
005481,银华瑞泰灵活配置混合型证券投资基金
005482,博时创新驱动灵活配置混合型证券投资基金
005483,博时创新驱动灵活配置混合型证券投资基金
005484,中欧睿选定期开放灵活配置混合型证券投资基金
005486,平安量化精选混合型发起式证券投资基金
005487,平安量化精选混合型发起式证券投资基金
005489,中金衡优灵活配置混合型证券投资基金
005490,中金衡优灵活配置混合型证券投资基金
005491,兴全合宜灵活配置混合型证券投资基金(LOF)
005492,农银汇理研究驱动灵活配置混合型证券投资基金
005493,鑫元价值精选灵活配置混合型证券投资基金
005494,鑫元价值精选灵活配置混合型证券投资基金
005498,银华积极成长混合型证券投资基金
005504,汇添富沪港深大盘价值混合型证券投资基金
005517,富国新趋势灵活配置混合型证券投资基金
005518,富国新趋势灵活配置混合型证券投资基金
005519,银华混改红利灵活配置混合型发起式证券投资基金
005520,国投瑞银创新医疗灵活配置混合型证券投资基金
005521,华安红利精选混合型证券投资基金
005522,华泰保兴吉年福定期开放灵活配置混合型发起式证券投资基金
005523,泰康颐年混合型证券投资基金
005524,泰康颐年混合型证券投资基金
005526,工银瑞信新生代消费灵活配置混合型证券投资基金
005533,银华国企改革混合型发起式证券投资基金
005534,华夏新时代灵活配置混合型证券投资基金(QDII)
005535,泰信竞争优选灵活配置混合型证券投资基金
005536,渤海汇金量化成长混合型发起式证券投资基金
005537,中航新起航灵活配置混合型证券投资基金
005538,中航新起航灵活配置混合型证券投资基金
005541,前海开源盛鑫灵活配置混合型证券投资基金
005542,前海开源盛鑫灵活配置混合型证券投资基金
005543,银华心诚灵活配置混合型证券投资基金
005544,银华瑞和灵活配置混合型证券投资基金
005545,中银改革红利灵活配置混合型证券投资基金
005549,富国成长优选三年定期开放灵活配置混合型证券投资基金
005550,汇安成长优选灵活配置混合型证券投资基金
005551,汇安成长优选灵活配置混合型证券投资基金
005552,富兰克林国海新趋势灵活配置混合型证券投资基金
005553,富兰克林国海新趋势灵活配置混合型证券投资基金
005557,广发海外多元配置证券投资基金(QDII)
005571,中银证券新能源灵活配置混合型证券投资基金
005572,中银证券新能源灵活配置混合型证券投资基金
005576,华泰柏瑞新金融地产灵活配置混合型证券投资基金
005583,易方达港股通红利灵活配置混合型证券投资基金
005585,银河文体娱乐主题灵活配置混合型证券投资基金
005587,安信比较优势灵活配置混合型证券投资基金
005588,长安裕腾灵活配置混合型证券投资基金
005592,长安裕腾灵活配置混合型证券投资基金
005593,摩根创新商业模式灵活配置混合型证券投资基金
005596,建信战略精选灵活配置混合型证券投资基金
005597,建信战略精选灵活配置混合型证券投资基金
005598,广发中小盘精选混合型证券投资基金
005599,汇安量化优选灵活配置混合型证券投资基金
005600,汇安量化优选灵活配置混合型证券投资基金
005609,富国军工主题混合型证券投资基金
005616,东方量化成长灵活配置混合型证券投资基金
005618,融通红利机会主题精选灵活配置混合型证券投资基金
005619,融通红利机会主题精选灵活配置混合型证券投资基金
005630,华安研究精选混合型证券投资基金
005632,鹏华量化先锋混合型证券投资基金
005638,农银汇理量化智慧动力混合型证券投资基金
005642,鹏扬景升灵活配置混合型证券投资基金
005643,鹏扬景升灵活配置混合型证券投资基金
005644,广发沪港深行业龙头混合型证券投资基金
005646,中海沪港深多策略灵活配置混合型证券投资基金
005650,万家量化同顺多策略灵活配置混合型证券投资基金
005651,万家量化同顺多策略灵活配置混合型证券投资基金
005652,富兰克林国海天颐混合型证券投资基金
005653,富兰克林国海天颐混合型证券投资基金
005664,鹏扬景欣混合型证券投资基金
005665,鹏扬景欣混合型证券投资基金
005668,融通新能源汽车主题精选灵活配置混合型证券投资基金
005671,新疆前海联合研究优选灵活配置混合型证券投资基金
005672,新疆前海联合研究优选灵活配置混合型证券投资基金
005674,诺德消费升级灵活配置混合型证券投资基金
005679,财通资管鑫盛6个月定期开放混合型证券投资基金
005680,财通资管价值成长混合型证券投资基金
005681,财通资管价值成长混合型证券投资基金
005682,财通资管消费精选灵活配置混合型证券投资基金
005683,国寿安保华兴灵活配置混合型证券投资基金
005686,财通资管瑞享12个月定期开放混合型证券投资基金
005689,中银医疗保健灵活配置混合型证券投资基金
005695,华安睿明两年定期开放灵活配置混合型证券投资基金
005696,华安睿明两年定期开放灵活配置混合型证券投资基金
005698,华夏全球科技先锋混合型证券投资基金(QDII)
005699,工银瑞信新经济灵活配置混合型证券投资基金(QDII)
005701,摩根香港精选港股通混合型证券投资基金
005706,兴业龙腾双益平衡混合型证券投资基金
005708,国联安远见成长混合型证券投资基金
005711,永赢惠添利灵活配置混合型证券投资基金
005724,交银施罗德致远量化智投策略定期开放混合型证券投资基金
005726,国泰价值精选灵活配置混合型证券投资基金
005728,华宝绿色主题混合型证券投资基金
005729,南方人工智能主题混合型证券投资基金
005730,国泰江源优势精选灵活配置混合型证券投资基金
005732,富国臻选成长灵活配置混合型证券投资基金
005738,长城智能产业灵活配置混合型证券投资基金
005739,富国转型机遇混合型证券投资基金
005741,南方君信灵活配置混合型证券投资基金
005742,南方成安优选灵活配置混合型证券投资基金
005743,长安裕隆灵活配置混合型证券投资基金
005744,长安裕隆灵活配置混合型证券投资基金
005746,国泰聚利价值定期开放灵活配置混合型证券投资基金
005758,中融量化精选混合型基金中基金(FOF)
005759,中融量化精选混合型基金中基金(FOF)
005760,富国周期优势混合型证券投资基金
005764,中欧潜力价值灵活配置混合型证券投资基金
005765,中欧明睿新常态混合型证券投资基金
005769,南方共享经济灵活配置混合型证券投资基金
005774,华夏产业升级混合型证券投资基金
005775,中加转型动力灵活配置混合型证券投资基金
005776,中加转型动力灵活配置混合型证券投资基金
005787,中欧新趋势混合型证券投资基金(LOF)
005794,银华心怡灵活配置混合型证券投资基金
005796,嘉实新添荣定期开放灵活配置混合型证券投资基金
005797,嘉实新添荣定期开放灵活配置混合型证券投资基金
005799,创金合信春来回报一年期定期开放混合型发起式证券投资基金
005800,创金合信春来回报一年期定期开放混合型发起式证券投资基金
005805,华泰柏瑞医疗健康混合型证券投资基金
005806,华泰柏瑞国企整合精选混合型证券投资基金
005809,前海开源裕源混合型基金中基金(FOF)
005810,南方瑞祥一年定期开放灵活配置混合型证券投资基金
005811,南方瑞祥一年定期开放灵活配置混合型证券投资基金
005812,鹏华产业精选灵活配置混合型证券投资基金
005815,农银汇理睿选灵活配置混合型证券投资基金
005819,国泰优势行业混合型证券投资基金
005821,万家新机遇龙头企业灵活配置混合型证券投资基金
005823,泰康颐享混合型证券投资基金
005824,泰康颐享混合型证券投资基金
005827,易方达蓝筹精选混合型证券投资基金
005833,工银瑞信红利优享灵活配置混合型证券投资基金
005834,工银瑞信红利优享灵活配置混合型证券投资基金
005835,招商稳祯定期开放混合型证券投资基金
005840,富国产业驱动混合型证券投资基金
005844,东方人工智能主题混合型证券投资基金
005847,富国沪港深业绩驱动混合型证券投资基金
005848,银华裕利混合型发起式证券投资基金
005851,财通新视野灵活配置混合型证券投资基金
005859,南方固胜定期开放混合型证券投资基金
005860,中金新丰灵活配置混合型证券投资基金
005861,中金新丰灵活配置混合型证券投资基金
005865,浦银安盛量化多策略灵活配置混合型证券投资基金
005866,浦银安盛量化多策略灵活配置混合型证券投资基金
005875,易方达中盘成长混合型证券投资基金
005876,易方达鑫转增利混合型证券投资基金
005877,易方达鑫转增利混合型证券投资基金
005878,博时产业新动力灵活配置混合型发起式证券投资基金
005883,华宝港股通香港精选混合型证券投资基金
005888,华夏新兴消费混合型证券投资基金
005889,华夏新兴消费混合型证券投资基金
005901,诺安汇利灵活配置混合型证券投资基金
005902,诺安汇利灵活配置混合型证券投资基金
005903,宏利绩优增长灵活配置混合型证券投资基金
005904,华泰保兴成长优选混合型证券投资基金
005905,华泰保兴成长优选混合型证券投资基金
005906,招商丰茂灵活配置混合型发起式证券投资基金
005907,招商丰茂灵活配置混合型发起式证券投资基金
005910,广发龙头优选灵活配置混合型证券投资基金
005911,广发双擎升级混合型证券投资基金
005914,景顺长城智能生活混合型证券投资基金
005925,建信福泽裕泰混合型基金中基金(FOF)
005926,建信福泽裕泰混合型基金中基金(FOF)
005933,新疆前海联合先进制造灵活配置混合型证券投资基金
005934,新疆前海联合先进制造灵活配置混合型证券投资基金
005935,新疆前海联合润丰灵活配置混合型证券投资基金
005937,工银瑞信精选金融地产行业混合型证券投资基金
005938,工银瑞信精选金融地产行业混合型证券投资基金
005939,工银瑞信新能源汽车主题混合型证券投资基金
005940,工银瑞信新能源汽车主题混合型证券投资基金
005943,工银瑞信聚福混合型证券投资基金
005944,工银瑞信聚福混合型证券投资基金
005947,德邦民裕进取量化精选灵活配置混合型证券投资基金
005948,德邦民裕进取量化精选灵活配置混合型证券投资基金
005949,鑫元行业轮动灵活配置混合型发起式证券投资基金
005950,鑫元行业轮动灵活配置混合型发起式证券投资基金
005953,人保转型新动力灵活配置混合型证券投资基金
005954,人保转型新动力灵活配置混合型证券投资基金
005955,易方达鑫转添利混合型证券投资基金
005956,易方达鑫转添利混合型证券投资基金
005957,华夏聚丰稳健目标风险混合型发起式基金中基金(FOF)
005958,华夏聚丰稳健目标风险混合型发起式基金中基金(FOF)
005959,财通新视野灵活配置混合型证券投资基金
005967,鹏华创新驱动混合型证券投资基金
005974,东方红配置精选混合型证券投资基金
005975,东方红配置精选混合型证券投资基金
005976,长信稳进资产配置混合型基金中基金(FOF)
005977,中信保诚至兴灵活配置混合型证券投资基金
005978,中信保诚至兴灵活配置混合型证券投资基金
005984,兴业聚华混合型证券投资基金
005985,兴业聚华混合型证券投资基金
005997,天弘裕利灵活配置混合型证券投资基金
006005,诺安鼎利混合型证券投资基金
006006,诺安鼎利混合型证券投资基金
006007,诺安积极配置混合型证券投资基金
006008,诺安积极配置混合型证券投资基金
006009,国融融银灵活配置混合型证券投资基金
006010,国融融银灵活配置混合型证券投资基金
006013,易方达鑫转招利混合型证券投资基金
006014,易方达鑫转招利混合型证券投资基金
006022,富国大盘价值量化精选混合型证券投资基金
006025,诺安优化配置混合型证券投资基金
006038,大成景恒混合型证券投资基金
006039,富兰克林国海估值优势灵活配置混合型证券投资基金
006042,摩根尚睿混合型基金中基金(FOF)
006049,恒越研究精选混合型证券投资基金
006051,鹏扬核心价值灵活配置混合型证券投资基金
006052,鹏扬核心价值灵活配置混合型证券投资基金
006058,民生加银新兴成长混合型证券投资基金
006062,鹏华兴康灵活配置混合型证券投资基金
006072,民生加银创新成长混合型证券投资基金
006084,融通研究优选混合型证券投资基金
006085,万家新机遇价值驱动灵活配置混合型证券投资基金
006100,平安优势产业灵活配置混合型证券投资基金
006101,平安优势产业灵活配置混合型证券投资基金
006104,华泰柏瑞量化智慧灵活配置混合型证券投资基金
006109,富荣价值精选灵活配置混合型发起式证券投资基金
006110,富荣价值精选灵活配置混合型发起式证券投资基金
006113,汇添富创新医药主题混合型证券投资基金
006121,华安双核驱动混合型证券投资基金
006122,华安低碳生活混合型证券投资基金
006123,国联高股息精选混合型证券投资基金
006124,国联高股息精选混合型证券投资基金
006128,银河和美生活主题混合型证券投资基金
006132,万家智造优势混合型证券投资基金
006133,万家智造优势混合型证券投资基金
006136,广发估值优势混合型证券投资基金
006154,华安制造先锋混合型证券投资基金
006157,财通量化核心优选混合型证券投资基金
006158,博时荣享回报灵活配置定期开放混合型证券投资基金
006159,博时荣享回报灵活配置定期开放混合型证券投资基金
006160,博道启航混合型证券投资基金
006161,博道启航混合型证券投资基金
006167,德邦乐享生活混合型证券投资基金
006168,德邦乐享生活混合型证券投资基金
006179,富国品质生活混合型证券投资基金
006181,格林伯锐灵活配置混合型证券投资基金
006182,格林伯锐灵活配置混合型证券投资基金
006190,前海开源裕瑞混合型证券投资基金
006198,长盛龙头双核驱动混合型证券投资基金
006199,长盛同锦研究精选混合型证券投资基金
006201,景顺长城量化先锋混合型证券投资基金
006202,交银施罗德核心资产混合型证券投资基金
006205,汇添富沪港深优势精选定期开放混合型证券投资基金
006209,中信保诚新蓝筹灵活配置混合型证券投资基金
006216,前海开源价值成长灵活配置混合型证券投资基金
006217,前海开源价值成长灵活配置混合型证券投资基金
006218,富国生物医药科技混合型证券投资基金
006223,交银施罗德创新成长混合型证券投资基金
006225,人保量化基本面混合型证券投资基金
006226,人保量化基本面混合型证券投资基金
006227,华宝科技先锋混合型证券投资基金
006230,鹏华研究驱动混合型证券投资基金
006231,国融融君灵活配置混合型证券投资基金
006232,国融融君灵活配置混合型证券投资基金
006233,万家汽车新趋势混合型证券投资基金
006234,万家汽车新趋势混合型证券投资基金
006235,东方城镇消费主题混合型证券投资基金
006236,华泰柏瑞现代服务业混合型证券投资基金
006240,国联医疗健康精选混合型证券投资基金
006241,国联医疗健康精选混合型证券投资基金
006243,中银双息回报混合型证券投资基金
006250,摩根动力精选混合型证券投资基金
006252,永赢消费主题灵活配置混合型证券投资基金
006253,永赢消费主题灵活配置混合型证券投资基金
006259,汇添富红利增长混合型证券投资基金
006260,汇添富红利增长混合型证券投资基金
006266,永赢智能领先混合型证券投资基金
006267,诺德量化核心灵活配置混合型证券投资基金
006268,诺德量化核心灵活配置混合型证券投资基金
006269,永赢智能领先混合型证券投资基金
006270,汇安核心成长混合型证券投资基金
006271,汇安核心成长混合型证券投资基金
006274,圆信永丰医药健康混合型证券投资基金
006277,中金瑞和灵活配置混合型证券投资基金
006278,中金瑞和灵活配置混合型证券投资基金
006279,中金瑞祥灵活配置混合型证券投资基金
006280,中金瑞祥灵活配置混合型证券投资基金
006281,万家人工智能混合型证券投资基金
006299,恒越核心精选混合型证券投资基金
006302,银华行业轮动混合型证券投资基金
006308,汇添富全球消费行业混合型证券投资基金
006309,汇添富全球消费行业混合型证券投资基金
006314,国联策略优选混合型证券投资基金
006315,国联策略优选混合型证券投资基金
006336,泓德量化精选混合型证券投资基金
006345,景顺长城集英成长两年定期开放混合型证券投资基金
006348,银华盛利混合型发起式证券投资基金
006353,东方红核心优选一年定期开放混合型证券投资基金
006354,国泰民裕进取灵活配置混合型证券投资基金
006364,招商丰韵混合型证券投资基金
006365,招商丰韵混合型证券投资基金
006366,兴业安保优选混合型证券投资基金
006371,长安鑫盈灵活配置混合型证券投资基金
006372,长安鑫盈灵活配置混合型证券投资基金
006373,富兰克林国海全球科技互联混合型证券投资基金(QDII)
006377,广发趋势动力灵活配置混合型证券投资基金
006385,华泰保兴研究智选灵活配置混合型证券投资基金
006386,华泰保兴研究智选灵活配置混合型证券投资基金
006392,中信保诚创新成长灵活配置混合型证券投资基金
006397,长信内需成长混合型证券投资基金
006398,宝盈祥颐定期开放混合型证券投资基金
006399,宝盈祥颐定期开放混合型证券投资基金
006401,先锋量化优选灵活配置混合型证券投资基金
006402,先锋量化优选灵活配置混合型证券投资基金
006408,汇添富消费升级混合型证券投资基金
006419,人保优势产业混合型证券投资基金
006420,人保优势产业混合型证券投资基金
006424,嘉合锦程价值精选混合型证券投资基金
006425,嘉合锦程价值精选混合型证券投资基金
006429,诺安恒鑫混合型证券投资基金
006433,平安鑫利灵活配置混合型证券投资基金
006435,景顺长城创新成长混合型证券投资基金
006442,东兴品牌精选灵活配置混合型证券投资基金
006445,华夏海外聚享混合型发起式证券投资基金(QDII)
006448,华夏海外聚享混合型发起式证券投资基金(QDII)
006449,浙商汇金量化精选灵活配置混合型证券投资基金
006457,平安估值优势灵活配置混合型证券投资基金
006458,平安估值优势灵活配置混合型证券投资基金
006462,信达澳银新起点定期开放灵活配置混合型证券投资基金
006463,信达澳银新征程定期开放灵活配置混合型证券投资基金
006477,中邮沪港深精选混合型证券投资基金
006507,前海开源裕泽定期开放混合型基金中基金(FOF)
006511,博道卓远混合型证券投资基金
006512,博道卓远混合型证券投资基金
006522,财通新兴蓝筹混合型证券投资基金
006523,财通新兴蓝筹混合型证券投资基金
006526,鹏华优选回报灵活配置混合型证券投资基金
006527,富国优质发展混合型证券投资基金
006528,富国优质发展混合型证券投资基金
006529,中欧匠心两年持有期混合型证券投资基金
006530,中欧匠心两年持有期混合型证券投资基金
006531,华泰柏瑞量化驱动灵活配置混合型证券投资基金
006532,华泰柏瑞量化阿尔法灵活配置混合型证券投资基金
006533,易方达科融混合型证券投资基金
006535,恒生前海恒锦裕利混合型证券投资基金
006536,恒生前海恒锦裕利混合型证券投资基金
006537,恒生前海港股通精选混合型证券投资基金
006538,东海核心价值精选混合型证券投资基金
006539,南方优选价值混合型证券投资基金
006540,南方绩优成长混合型证券投资基金
006541,南方成份精选混合型证券投资基金
006547,红塔红土盛弘灵活配置混合型发起式证券投资基金
006548,红塔红土盛弘灵活配置混合型发起式证券投资基金
006564,圆信永丰精选回报混合型证券投资基金
006567,中泰星元价值优选灵活配置混合型证券投资基金
006568,国联安行业领先混合型证券投资基金
006573,人保行业轮动混合型证券投资基金
006574,人保行业轮动混合型证券投资基金
006586,南方安裕混合型证券投资基金
006587,南方优享分红灵活配置混合型证券投资基金
006590,南方新优享灵活配置混合型证券投资基金
006595,广发港股通优质增长混合型证券投资基金
006601,国融融泰灵活配置混合型证券投资基金
006602,国融融泰灵活配置混合型证券投资基金
006608,泓德研究优选混合型证券投资基金
006610,银华远见混合型发起式证券投资基金
006615,工银瑞信战略新兴产业混合型证券投资基金
006616,工银瑞信战略新兴产业混合型证券投资基金
006624,中泰玉衡价值优选灵活配置混合型证券投资基金
006642,华泰保兴吉年利定期开放混合型发起式证券投资基金
006643,华泰柏瑞核心优势混合型证券投资基金
006652,富国金融地产行业混合型证券投资基金
006689,方正富邦信泓灵活配置混合型证券投资基金
006696,汇添富研究优选灵活配置混合型证券投资基金
006700,红土创新稳健混合型证券投资基金
006701,红土创新稳健混合型证券投资基金
006709,工银瑞信聚盈混合型证券投资基金
006710,工银瑞信聚盈混合型证券投资基金
006718,国融融盛龙头严选混合型证券投资基金
006719,国融融盛龙头严选混合型证券投资基金
006720,平安核心优势混合型证券投资基金
006721,平安核心优势混合型证券投资基金
006736,国投瑞银先进制造混合型证券投资基金
006749,东兴核心成长混合型证券投资基金
006752,天弘港股通精选灵活配置混合型发起式证券投资基金
006753,天弘港股通精选灵活配置混合型发起式证券投资基金
006755,东兴核心成长混合型证券投资基金
006759,银河乐活优萃混合型证券投资基金
006768,华安沪港深优选混合型证券投资基金
006769,长城研究精选混合型证券投资基金
006775,前海开源优质成长混合型证券投资基金
006780,广发稳健策略混合型证券投资基金
006785,东方量化多策略混合型证券投资基金
006796,富国消费升级混合型证券投资基金
006801,新疆前海联合科技先锋混合型证券投资基金
006802,新疆前海联合科技先锋混合型证券投资基金
006813,博时汇悦回报混合型证券投资基金
006836,永赢惠泽一年定期开放灵活配置混合型发起式证券投资基金
006843,中信建投睿溢混合型证券投资基金
006844,中信建投稳利混合型证券投资基金
006845,中信建投聚利混合型证券投资基金
006857,蜂巢卓睿灵活配置混合型证券投资基金
006858,蜂巢卓睿灵活配置混合型证券投资基金
006863,国联安智能制造混合型证券投资基金
006864,国联安核心资产策略混合型证券投资基金
006879,华安智能生活混合型证券投资基金
006881,华宝大健康混合型证券投资基金
006882,华泰保兴健康消费混合型证券投资基金
006883,华泰保兴健康消费混合型证券投资基金
006887,诺德新生活混合型证券投资基金
006888,诺德新生活混合型证券投资基金
006890,摩根领先优选混合型证券投资基金
006904,泰康产业升级混合型证券投资基金
006905,泰康产业升级混合型证券投资基金
006906,创金合信鑫收益灵活配置混合型证券投资基金
006921,南方智诚混合型证券投资基金
006942,华泰柏瑞量化明选混合型证券投资基金
006943,华泰柏瑞量化明选混合型证券投资基金
006952,中银景元回报混合型证券投资基金
006967,财通行业龙头精选混合型证券投资基金
006968,财通行业龙头精选混合型证券投资基金
006969,圆信永丰高端制造混合型证券投资基金
006972,金鹰民安回报一年定期开放混合型证券投资基金
006973,太平睿盈混合型证券投资基金
006976,鹏华核心优势混合型证券投资基金
006992,嘉合锦创优势精选混合型证券投资基金
007012,湘财长顺混合型发起式证券投资基金
007013,湘财长顺混合型发起式证券投资基金
007016,富国睿泽回报混合型证券投资基金
007040,新疆前海联合泳隆灵活配置混合型证券投资基金
007041,新疆前海联合泳涛灵活配置混合型证券投资基金
007042,新疆前海联合泳隽灵活配置混合型证券投资基金
007043,新疆前海联合泓鑫灵活配置混合型证券投资基金
007046,方正富邦创新动力混合型证券投资基金
007047,长城核心优势混合型证券投资基金
007048,平安安心灵活配置混合型证券投资基金
007049,平安鑫安混合型证券投资基金
007056,银华积极精选混合型证券投资基金
007063,长盛研发回报混合型证券投资基金
007066,浦银安盛先进制造混合型证券投资基金
007067,浦银安盛先进制造混合型证券投资基金
007072,民生加银鑫福灵活配置混合型证券投资基金
007074,国寿安保新蓝筹灵活配置混合型证券投资基金
007082,平安高端制造混合型证券投资基金
007083,平安高端制造混合型证券投资基金
007085,招商瑞庆灵活配置混合型证券投资基金
007101,中欧远见两年定期开放混合型证券投资基金
007109,南方沪港深核心优势混合型证券投资基金
007110,国投瑞银港股通价值发现混合型证券投资基金
007111,新疆前海联合国民健康产业灵活配置混合型证券投资基金
007113,永赢高端制造混合型证券投资基金
007114,永赢高端制造混合型证券投资基金
007126,博道远航混合型证券投资基金
007127,博道远航混合型证券投资基金
007132,长城港股通价值精选多策略混合型证券投资基金
007139,富国民裕进取沪港深成长精选混合型证券投资基金
007141,嘉合稳健增长灵活配置混合型证券投资基金
007142,嘉合稳健增长灵活配置混合型证券投资基金
007146,鹏华研究智选混合型证券投资基金
007151,前海开源沪港深聚瑞混合型证券投资基金
007152,诺德策略精选混合型证券投资基金
007163,浦银安盛环保新能源混合型证券投资基金
007164,浦银安盛环保新能源混合型证券投资基金
007177,浙商智能行业优选混合型发起式证券投资基金
007182,万家沪港深蓝筹混合型证券投资基金
007183,万家沪港深蓝筹混合型证券投资基金
007192,恒越研究精选混合型证券投资基金
007193,恒越核心精选混合型证券投资基金
007202,天弘优质成长企业精选灵活配置混合型发起式证券投资基金
007203,银河新动能混合型证券投资基金
007207,华夏常阳三年定期开放混合型证券投资基金
007217,浙商智能行业优选混合型发起式证券投资基金
007243,安信核心竞争力灵活配置混合型证券投资基金
007244,安信核心竞争力灵活配置混合型证券投资基金
007251,广发睿享稳健增利混合型证券投资基金
007254,广发均衡价值混合型证券投资基金
007261,融通消费升级混合型证券投资基金
007266,嘉实新添益定期开放混合型证券投资基金
007267,嘉实新添益定期开放混合型证券投资基金
007277,恒生前海消费升级混合型证券投资基金
007281,嘉合消费升级混合型发起式证券投资基金
007291,汇丰晋信港股通双核策略混合型证券投资基金
007293,长信利信灵活配置混合型证券投资基金
007305,国联安新科技混合型证券投资基金
007306,华泰柏瑞基本面智选混合型证券投资基金
007307,华泰柏瑞基本面智选混合型证券投资基金
007308,华宝消费升级混合型证券投资基金
007318,中银民丰回报混合型证券投资基金
007326,国投瑞银新增长灵活配置混合型证券投资基金
007334,中银消费活力混合型证券投资基金
007340,南方科技创新混合型证券投资基金
007341,南方科技创新混合型证券投资基金
007343,嘉实科技创新混合型证券投资基金
007345,富国科技创新灵活配置混合型证券投资基金
007346,易方达科技创新混合型证券投资基金
007349,华夏科技创新混合型证券投资基金
007350,华夏科技创新混合型证券投资基金
007353,工银瑞信科技创新混合型证券投资基金
007355,汇添富科技创新灵活配置混合型证券投资基金
007356,汇添富科技创新灵活配置混合型证券投资基金
007368,浙商沪港深精选混合型证券投资基金
007369,浙商沪港深精选混合型证券投资基金
007381,国融融信消费严选混合型证券投资基金
007382,国融融信消费严选混合型证券投资基金
007385,华泰保兴安盈三个月定期开放混合型发起式证券投资基金
007387,融通通慧混合型证券投资基金
007393,上银未来生活灵活配置混合型证券投资基金
007412,景顺长城绩优成长混合型证券投资基金
007415,南方致远混合型证券投资基金
007416,南方致远混合型证券投资基金
007421,中金衡盈混合型证券投资基金
007422,中金衡盈混合型证券投资基金
007423,西部利得聚禾灵活配置混合型证券投资基金
007424,西部利得聚禾灵活配置混合型证券投资基金
007439,东海科技动力混合型证券投资基金
007449,兴全多维价值混合型证券投资基金
007450,兴全多维价值混合型证券投资基金
007460,华安成长创新混合型证券投资基金
007463,东海科技动力混合型证券投资基金
007468,中信建投策略精选混合型证券投资基金
007469,中信建投策略精选混合型证券投资基金
007481,华夏逸享健康混合型证券投资基金
007484,信澳核心科技混合型证券投资基金
007490,南方信息创新混合型证券投资基金
007491,南方信息创新混合型证券投资基金
007493,朱雀产业臻选混合型证券投资基金
007494,朱雀产业臻选混合型证券投资基金
007501,万家科创主题灵活配置混合型证券投资基金(LOF)
007502,前海开源裕和混合型证券投资基金
007509,华商润丰灵活配置混合型证券投资基金
007518,东方阿尔法优选混合型发起式证券投资基金
007519,东方阿尔法优选混合型发起式证券投资基金
007527,融通量化多策略灵活配置混合型证券投资基金
007528,融通量化多策略灵活配置混合型证券投资基金
007533,格林创新成长混合型证券投资基金
007534,格林创新成长混合型证券投资基金
007549,中泰开阳价值优选灵活配置混合型证券投资基金
007550,东兴未来价值灵活配置混合型证券投资基金
007553,中信建投医改灵活配置混合型证券投资基金
007569,南方安福混合型证券投资基金
007570,方正富邦红利精选混合型证券投资基金
007574,宝盈新价值灵活配置混合型证券投资基金
007575,宝盈祥泰混合型证券投资基金
007577,宝盈祥瑞混合型证券投资基金
007578,宝盈新锐灵活配置混合型证券投资基金
007579,宝盈先进制造灵活配置混合型证券投资基金
007581,宝盈鸿利收益灵活配置混合型证券投资基金
007592,华夏价值精选混合型证券投资基金
007613,嘉合医疗健康混合型发起式证券投资基金
007632,华润元大安鑫灵活配置混合型证券投资基金
007639,汇添富竞争优势灵活配置混合型证券投资基金
007663,平安安享灵活配置混合型证券投资基金
007669,太平睿盈混合型证券投资基金
007678,泰达宏利品牌升级混合型证券投资基金
007679,泰达宏利品牌升级混合型证券投资基金
007686,东方价值挖掘灵活配置混合型证券投资基金
007687,东方成长收益灵活配置混合型证券投资基金
007689,国投瑞银新能源混合型证券投资基金
007690,国投瑞银新能源混合型证券投资基金
007713,华富科技动能混合型证券投资基金
007718,中银创新医疗混合型证券投资基金
007721,天弘标普500发起式证券投资基金(QDII-FOF)
007722,天弘标普500发起式证券投资基金(QDII-FOF)
007725,招商瑞文混合型证券投资基金
007726,招商瑞文混合型证券投资基金
007729,招商普盛全球配置证券投资基金(QDII)
007731,民生加银持续成长混合型证券投资基金
007732,民生加银持续成长混合型证券投资基金
007733,南方智锐混合型证券投资基金
007734,南方智锐混合型证券投资基金
007735,金鹰民安回报一年定期开放混合型证券投资基金
007749,民生加银鹏程混合型证券投资基金
007770,同泰开泰混合型证券投资基金
007771,同泰开泰混合型证券投资基金
007775,汇安量化先锋混合型证券投资基金
007776,汇安量化先锋混合型证券投资基金
007777,中邮研究精选混合型证券投资基金
007781,天弘弘新混合型发起式证券投资基金
007802,兴全合泰混合型证券投资基金
007803,兴全合泰混合型证券投资基金
007808,北信瑞丰量化优选灵活配置混合型证券投资基金
007811,淳厚信泽灵活配置混合型证券投资基金
007812,淳厚信泽灵活配置混合型证券投资基金
007825,博道志远混合型证券投资基金
007826,博道志远混合型证券投资基金
007827,华润元大量化优选混合型证券投资基金
007835,国泰鑫睿混合型证券投资基金
007848,广发聚宝混合型证券投资基金
007850,方正富邦天睿灵活配置混合型证券投资基金
007851,方正富邦天睿灵活配置混合型证券投资基金
007854,光大保德信景气先锋混合型证券投资基金
007861,金元顺安医疗健康混合型证券投资基金
007862,金元顺安医疗健康混合型证券投资基金
007872,金信稳健策略灵活配置混合型发起式证券投资基金
007875,国融融兴灵活配置混合型证券投资基金
007876,国融融兴灵活配置混合型证券投资基金
007880,朱雀产业智选混合型证券投资基金
007881,朱雀产业智选混合型证券投资基金
007887,东方红启元三年持有期混合型证券投资基金
007893,平安估值精选混合型证券投资基金
007894,平安估值精选混合型证券投资基金
007895,嘉实价值成长混合型证券投资基金
007896,易方达优选多资产三个月持有期混合型基金中基金(FOF)
007897,易方达优选多资产三个月持有期混合型基金中基金(FOF)
007899,大成远见成长混合型证券投资基金
007900,大成远见成长混合型证券投资基金
007904,广发锐意进取3个月持有期混合型发起式基金中基金(FOF)
007925,平安鑫享混合型证券投资基金
007933,嘉合永泰优选三个月持有期混合型发起式基金中基金(FOF)
007934,嘉合永泰优选三个月持有期混合型发起式基金中基金(FOF)
007939,华夏网购精选灵活配置混合型证券投资基金
007944,永赢乾元三年定期开放混合型证券投资基金
007945,景顺长城改革机遇灵活配置混合型证券投资基金
007959,方正富邦天恒灵活配置混合型证券投资基金
007960,方正富邦天恒灵活配置混合型证券投资基金
007968,华泰柏瑞研究精选混合型证券投资基金
008025,汇添富稳健增长混合型证券投资基金
008026,汇添富稳健增长混合型证券投资基金
008033,中加科盈混合型证券投资基金
008034,中加科盈混合型证券投资基金
008037,兴银先锋成长混合型证券投资基金
008038,兴银先锋成长混合型证券投资基金
008050,同泰慧择混合型证券投资基金
008051,同泰慧择混合型证券投资基金
008058,鹏华鑫享稳健混合型证券投资基金
008059,鹏华鑫享稳健混合型证券投资基金
008060,景顺长城价值边际灵活配置混合型证券投资基金
008061,惠升惠新灵活配置混合型证券投资基金
008062,惠升惠新灵活配置混合型证券投资基金
008063,汇添富大盘核心资产增长混合型证券投资基金
008065,汇添富中盘积极成长混合型证券投资基金
008066,汇添富中盘积极成长混合型证券投资基金
008077,九泰天奕量化价值混合型证券投资基金
008079,诺德大类精选配置三个月定期开放混合型基金中基金(FOF)
008082,国寿安保研究精选混合型证券投资基金
008083,国寿安保研究精选混合型证券投资基金
008091,中信保诚红利精选混合型证券投资基金
008092,中信保诚红利精选混合型证券投资基金
008093,同泰慧选混合型发起式证券投资基金
008094,同泰慧选混合型发起式证券投资基金
008099,广发价值领先混合型证券投资基金
008110,九泰科盈价值灵活配置混合型证券投资基金
008116,银华沪深股通精选混合型证券投资基金
008119,鹏华金享混合型证券投资基金
008120,万家自主创新混合型证券投资基金
008121,万家自主创新混合型证券投资基金
008127,广发趋势优选灵活配置混合型证券投资基金
008131,景顺长城竞争优势混合型证券投资基金
008132,鹏华价值驱动混合型证券投资基金
008133,华安优质生活混合型证券投资基金
008136,九泰科盈价值灵活配置混合型证券投资基金
008137,九泰天奕量化价值混合型证券投资基金
008138,富国龙头优势混合型证券投资基金
008140,汇添富绝对收益策略定期开放混合型发起式证券投资基金
008144,工银瑞信智远动态配置三个月持有期混合型基金中基金(FOF)
008145,兴全优选进取三个月持有期混合型基金中基金(FOF)
008150,嘉实远见企业精选两年持有期混合型证券投资基金
008158,招商盛鑫优选3个月持有期混合型基金中基金(FOF)
008159,招商盛鑫优选3个月持有期混合型基金中基金(FOF)
008162,浦银安盛经济带崛起灵活配置混合型证券投资基金
008168,汇添富聚焦价值成长三个月持有期混合型基金中基金(FOF)
008169,汇添富积极投资核心优势三个月持有期混合型基金中基金(FOF)
008174,国泰蓝筹精选混合型证券投资基金
008175,国泰蓝筹精选混合型证券投资基金
008178,同泰慧盈混合型证券投资基金
008179,同泰慧盈混合型证券投资基金
008180,同泰慧利混合型证券投资基金
008181,同泰慧利混合型证券投资基金
008182,方正富邦信泓灵活配置混合型证券投资基金
008185,诺安研究优选混合型证券投资基金
008186,淳厚信睿核心精选混合型证券投资基金
008187,淳厚信睿核心精选混合型证券投资基金
008188,前海开源稳健增长三年持有期混合型发起式证券投资基金
008208,博道嘉泰回报混合型证券投资基金
008209,南方宝泰一年持有期混合型证券投资基金
008210,南方宝泰一年持有期混合型证券投资基金
008212,华夏新机遇灵活配置混合型证券投资基金
008213,华夏新起点灵活配置混合型证券投资基金
008221,兴业聚鑫灵活配置混合型证券投资基金
008227,宝盈研究精选混合型证券投资基金
008228,宝盈研究精选混合型证券投资基金
008244,上银鑫卓混合型证券投资基金
008245,圆信永丰致优混合型证券投资基金
008246,圆信永丰致优混合型证券投资基金
008251,汇安宜创量化精选混合型证券投资基金
008252,汇安宜创量化精选混合型证券投资基金
008253,华宝致远混合型证券投资基金(QDII)
008254,华宝致远混合型证券投资基金(QDII)
008260,长城价值优选混合型证券投资基金
008263,东方红品质优选两年定期开放混合型证券投资基金
008269,大成睿享混合型证券投资基金
008270,大成睿享混合型证券投资基金
008271,大成优势企业混合型证券投资基金
008272,大成优势企业混合型证券投资基金
008273,广发优质生活混合型证券投资基金
008274,大成行业先锋混合型证券投资基金
008275,大成行业先锋混合型证券投资基金
008276,财通资管价值发现混合型证券投资基金
008277,财通资管行业精选混合型证券投资基金
008284,易方达全球医药行业混合型发起式证券投资基金
008290,华安现代生活混合型证券投资基金
008293,农银汇理创新医疗混合型证券投资基金
008297,广发价值优势混合型证券投资基金
008300,人保量化锐进混合型发起式证券投资基金
008301,人保量化锐进混合型发起式证券投资基金
008305,摩根士丹利量化配置混合型证券投资基金
008306,方正富邦天璇灵活配置混合型证券投资基金
008307,方正富邦天璇灵活配置混合型证券投资基金
008308,华夏见龙精选混合型证券投资基金
008311,圆信永丰优选价值混合型证券投资基金
008312,圆信永丰优选价值混合型证券投资基金
008313,光大保德信研究精选混合型证券投资基金
008317,光大保德信睿盈混合型证券投资基金
008318,博道久航混合型证券投资基金
008319,博道久航混合型证券投资基金
008324,宝盈祥利稳健配置混合型证券投资基金
008325,宝盈祥利稳健配置混合型证券投资基金
008328,诺安新兴产业混合型证券投资基金
008336,宝盈祥裕增强回报混合型证券投资基金
008337,宝盈祥裕增强回报混合型证券投资基金
008353,宏利消费行业量化精选混合型证券投资基金
008354,宏利消费行业量化精选混合型证券投资基金
008356,中加科丰价值精选混合型证券投资基金
008359,华安医疗创新混合型证券投资基金
008370,国泰研究精选两年持有期混合型证券投资基金
008371,华安汇智精选两年持有期混合型证券投资基金
008372,富国阿尔法两年持有期混合型证券投资基金
008373,华泰柏瑞景气回报一年持有期混合型证券投资基金
008374,华泰柏瑞景气回报一年持有期混合型证券投资基金
008375,中欧启航三年持有期混合型证券投资基金
008376,中欧启航三年持有期混合型证券投资基金
008378,兴全社会价值三年持有期混合型证券投资基金
008381,前海开源新兴产业混合型证券投资基金
008384,银华汇益一年持有期混合型证券投资基金
008385,银华汇益一年持有期混合型证券投资基金
008404,华泰紫金泰盈混合型证券投资基金
008405,华泰紫金泰盈混合型证券投资基金
008415,国泰大制造两年持有期混合型证券投资基金
008416,鹏扬景瑞三年持有期混合型证券投资基金
008417,鹏扬景瑞三年持有期混合型证券投资基金
008418,惠升惠泽灵活配置混合型发起式证券投资基金
008419,惠升惠泽灵活配置混合型发起式证券投资基金
008420,广发招泰混合型证券投资基金
008421,广发招泰混合型证券投资基金
008422,国联研发创新混合型证券投资基金
008423,国联研发创新混合型证券投资基金
008424,国联品牌优选混合型证券投资基金
008425,国联品牌优选混合型证券投资基金
008456,招商瑞阳股债配置混合型证券投资基金
008457,招商瑞阳股债配置混合型证券投资基金
008461,平安盈丰积极配置三个月持有期混合型发起式基金中基金(FOF)
008462,平安盈丰积极配置三个月持有期混合型发起式基金中基金(FOF)
008467,博道嘉瑞混合型证券投资基金
008468,博道嘉瑞混合型证券投资基金
008477,安信价值驱动三年持有期混合型发起式证券投资基金
008479,景顺长城泰申回报混合型证券投资基金
008480,永赢股息优选混合型证券投资基金
008481,永赢股息优选混合型证券投资基金
008488,华商恒益稳健混合型证券投资基金
008491,万家周期优势企业混合型证券投资基金
008492,万家周期优势企业混合型证券投资基金
008499,鹏扬景科混合型证券投资基金
008500,鹏扬景科混合型证券投资基金
008507,交银施罗德内核驱动混合型证券投资基金
008513,南方宝丰混合型证券投资基金
008514,南方宝丰混合型证券投资基金
008515,富兰克林国海基本面优选混合型证券投资基金
008526,华泰柏瑞行业精选混合型证券投资基金
008527,华泰柏瑞行业精选混合型证券投资基金
008528,华泰柏瑞质量成长混合型证券投资基金
008531,惠升惠民混合型证券投资基金
008532,惠升惠民混合型证券投资基金
008533,惠升惠兴混合型证券投资基金
008534,惠升惠兴混合型证券投资基金
008541,西部利得新享混合型证券投资基金
008542,西部利得新享混合型证券投资基金
008543,西部利得新瑞混合型证券投资基金
008544,西部利得新瑞混合型证券投资基金
008545,泓德丰润三年持有期混合型证券投资基金
008546,南方产业优势两年持有期混合型证券投资基金
008547,博道安远6个月持有期混合型证券投资基金
008555,华商龙头优势混合型证券投资基金
008563,银河臻优稳健配置混合型证券投资基金
008564,银河臻优稳健配置混合型证券投资基金
008576,财通碳中和一年持有期混合型证券投资基金
008577,财通碳中和一年持有期混合型证券投资基金
008589,大成景润灵活配置混合型证券投资基金
008602,方正富邦新兴成长混合型证券投资基金
008603,方正富邦新兴成长混合型证券投资基金
008604,广发稳安灵活配置混合型证券投资基金
008629,大成景瑞稳健配置混合型证券投资基金
008630,大成景瑞稳健配置混合型证券投资基金
008633,万家科技创新混合型证券投资基金
008634,万家科技创新混合型证券投资基金
008635,华安科技创新混合型证券投资基金
008638,广发科技创新混合型证券投资基金
008640,方正富邦科技创新混合型证券投资基金
008641,方正富邦科技创新混合型证券投资基金
008655,招商科技创新混合型证券投资基金
008656,招商科技创新混合型证券投资基金
008657,景顺长城科技创新混合型证券投资基金
008664,嘉实鑫和一年持有期混合型证券投资基金
008665,嘉实鑫和一年持有期混合型证券投资基金
008666,国泰鑫利一年持有期混合型证券投资基金
008667,国泰鑫利一年持有期混合型证券投资基金
008671,银华科技创新混合型证券投资基金
008672,宝盈祥泽混合型证券投资基金
008673,宝盈祥泽混合型证券投资基金
008681,鹏华价值成长混合型证券投资基金
008704,广发高股息优享混合型证券投资基金
008705,广发高股息优享混合型证券投资基金
008712,景顺长城品质成长混合型证券投资基金
008715,景顺长城价值驱动一年持有期灵活配置混合型证券投资基金
008716,鹏华优质回报两年定期开放混合型证券投资基金
008719,德邦安顺混合型证券投资基金
008720,德邦安顺混合型证券投资基金
008723,永赢鑫享混合型证券投资基金
008734,交银施罗德科锐科技创新混合型证券投资基金
008754,泰康睿福优选配置3个月持有期混合型基金中基金(FOF)
008755,泰康睿福优选配置3个月持有期混合型基金中基金(FOF)
008757,九泰聚鑫混合型证券投资基金
008758,九泰聚鑫混合型证券投资基金
008770,东方红安鑫甄选一年持有期混合型证券投资基金
008773,中银景泰回报混合型证券投资基金
008786,长城健康生活灵活配置混合型证券投资基金
008793,博道嘉元混合型证券投资基金
008794,博道嘉元混合型证券投资基金
008795,海富通阿尔法对冲混合型发起式证券投资基金
008809,安信民稳增长混合型证券投资基金
008810,安信民稳增长混合型证券投资基金
008811,鹏华科技创新混合型证券投资基金
008819,农银汇理策略趋势混合型证券投资基金
008830,海富通安益对冲策略灵活配置混合型证券投资基金
008831,海富通安益对冲策略灵活配置混合型证券投资基金
008833,银华汇盈一年持有期混合型证券投资基金
008834,银华汇盈一年持有期混合型证券投资基金
008835,富国量化对冲策略三个月持有期灵活配置混合型证券投资基金
008836,富国量化对冲策略三个月持有期灵活配置混合型证券投资基金
008838,德邦量化对冲策略灵活配置混合型发起式证券投资基金
008839,德邦量化对冲策略灵活配置混合型发起式证券投资基金
008840,德邦大消费混合型证券投资基金
008841,德邦大消费混合型证券投资基金
008842,同泰远见灵活配置混合型证券投资基金
008843,同泰远见灵活配置混合型证券投资基金
008846,大成民稳增长混合型证券投资基金
008847,大成民稳增长混合型证券投资基金
008850,景顺长城价值稳进三年定期开放灵活配置混合型证券投资基金
008851,景顺长城量化对冲策略三个月定期开放灵活配置混合型发起式证券投资基金
008856,华夏安泰对冲策略3个月定期开放灵活配置混合型发起式证券投资基金
008861,西部利得港股通新机遇灵活配置混合型证券投资基金
008886,民生加银卓越配置6个月持有期混合型基金中基金(FOF)
008891,安信价值成长混合型证券投资基金
008892,安信价值成长混合型证券投资基金
008893,创金合信鑫利混合型证券投资基金
008894,创金合信鑫利混合型证券投资基金
008895,申万菱信量化对冲策略灵活配置混合型发起式证券投资基金
008901,富国内需增长混合型证券投资基金
008903,广发科技先锋混合型证券投资基金
008905,嘉合锦鹏添利混合型证券投资基金
008906,嘉合锦鹏添利混合型证券投资基金
008909,创金合信鑫益混合型证券投资基金
008910,创金合信鑫益混合型证券投资基金
008918,长信先锐混合型证券投资基金
008919,永赢科技驱动混合型证券投资基金
008920,永赢科技驱动混合型证券投资基金
008949,平安匠心优选混合型证券投资基金
008950,平安匠心优选混合型证券投资基金
008954,安信价值回报三年持有期混合型证券投资基金
008955,交银施罗德创新领航混合型证券投资基金
008960,长信国防军工量化灵活配置混合型证券投资基金
008961,华商科技创新混合型证券投资基金
008962,建信科技创新混合型证券投资基金
008963,建信科技创新混合型证券投资基金
008966,博时成长优选灵活配置混合型证券投资基金
008967,博时成长优选灵活配置混合型证券投资基金
008978,银华长丰混合型发起式证券投资基金
008979,万家民丰回报一年持有期混合型证券投资基金
008980,中邮科技创新精选混合型证券投资基金
008981,中邮科技创新精选混合型证券投资基金
008983,财通科技创新混合型证券投资基金
008984,财通科技创新混合型证券投资基金
008985,东方红启东三年持有期混合型证券投资基金
008988,大成科技创新混合型证券投资基金
008989,大成科技创新混合型证券投资基金
008990,东方红匠心甄选一年持有期混合型证券投资基金
008997,同泰竞争优势混合型证券投资基金
008998,同泰竞争优势混合型证券投资基金
009005,创金合信鑫祺混合型证券投资基金
009006,创金合信鑫祺混合型证券投资基金
009007,兴全沪港深两年持有期混合型证券投资基金
009008,平安科技创新混合型证券投资基金
009009,平安科技创新混合型证券投资基金
009010,华夏兴阳一年持有期混合型证券投资基金
009011,华夏睿阳一年持有期混合型证券投资基金
009014,泓德睿泽混合型证券投资基金
009015,泓德睿享一年持有期混合型证券投资基金
009016,泓德睿享一年持有期混合型证券投资基金
009023,鹏华稳健回报混合型证券投资基金
009024,海富通科技创新混合型证券投资基金
009025,海富通科技创新混合型证券投资基金
009026,中银高质量发展机遇混合型证券投资基金
009027,浦银安盛安远回报一年持有期混合型证券投资基金
009028,浦银安盛安远回报一年持有期混合型证券投资基金
009029,工银瑞信高质量成长混合型证券投资基金
009030,工银瑞信高质量成长混合型证券投资基金
009031,工银瑞信聚和一年定期开放混合型证券投资基金
009032,工银瑞信聚和一年定期开放混合型证券投资基金
009048,浦银安盛科技创新优选混合型证券投资基金
009049,易方达高端制造混合型发起式证券投资基金
009054,圆信永丰沣泰混合型证券投资基金
009055,圆信永丰大湾区主题混合型证券投资基金
009056,圆信永丰大湾区主题混合型证券投资基金
009057,博时科技创新混合型证券投资基金
009058,博时科技创新混合型证券投资基金
009062,财通智慧成长混合型证券投资基金
009063,财通智慧成长混合型证券投资基金
009064,鹏扬景沃六个月持有期混合型证券投资基金
009065,鹏扬景沃六个月持有期混合型证券投资基金
009071,德邦安鑫混合型证券投资基金
009072,德邦安鑫混合型证券投资基金
009073,德邦惠利混合型证券投资基金
009074,德邦惠利混合型证券投资基金
009076,工银瑞信圆兴混合型证券投资基金
009077,红土创新稳进混合型证券投资基金
009078,红土创新稳进混合型证券投资基金
009085,银华丰享一年持有期混合型证券投资基金
009086,鹏华价值共赢两年持有期混合型证券投资基金
009092,富国新材料新能源混合型证券投资基金
009096,鹏华安泽混合型证券投资基金
009097,鹏华安泽混合型证券投资基金
009098,景顺长城价值领航两年持有期混合型证券投资基金
009102,鹏扬红利优选混合型证券投资基金
009103,鹏扬红利优选混合型证券投资基金
009108,富国红利精选混合型证券投资基金(QDII)
009111,博远双债增利混合型证券投资基金
009112,博远双债增利混合型证券投资基金
009114,鹏扬景泓回报灵活配置混合型证券投资基金
009115,鹏扬景泓回报灵活配置混合型证券投资基金
009119,广发品质回报混合型证券投资基金
009120,广发品质回报混合型证券投资基金
009121,广发招享混合型证券投资基金
009124,华泰保兴科荣混合型证券投资基金
009125,华泰保兴科荣混合型证券投资基金
009130,鹏扬景恒六个月持有期混合型证券投资基金
009131,鹏扬景恒六个月持有期混合型证券投资基金
009132,广发小盘成长混合型证券投资基金(LOF)
009133,汇安嘉利混合型证券投资基金
009134,汇安嘉利混合型证券投资基金
009135,广发恒隆一年持有期混合型证券投资基金
009136,广发恒隆一年持有期混合型证券投资基金
009137,嘉实瑞和两年持有期混合型证券投资基金
009138,嘉实瑞成两年持有期混合型证券投资基金
009139,嘉实瑞成两年持有期混合型证券投资基金
009140,永赢竞争力精选混合型发起式证券投资基金
009141,宏利价值长青混合型证券投资基金
009142,宏利价值长青混合型证券投资基金
009144,博时荣升稳健添利18个月定期开放混合型证券投资基金
009145,博时荣升稳健添利18个月定期开放混合型证券投资基金
009149,富国绝对收益多策略定期开放混合型发起式证券投资基金
009151,国寿安保策略优选3个月持有期混合型基金中基金(FOF)
009152,南方瑞盛三年持有期混合型证券投资基金
009153,南方瑞盛三年持有期混合型证券投资基金
009156,海富通富泽混合型证券投资基金
009157,海富通富泽混合型证券投资基金
009164,中加聚庆六个月定期开放混合型证券投资基金
009165,中加聚庆六个月定期开放混合型证券投资基金
009169,湘财长兴灵活配置混合型证券投资基金
009170,湘财长兴灵活配置混合型证券投资基金
009181,浙商智多兴稳健回报一年持有期混合型证券投资基金
009182,浙商智多兴稳健回报一年持有期混合型证券投资基金
009188,鹏华股息精选混合型证券投资基金
009189,华宝成长策略混合型证券投资基金
009190,景顺长城核心优选一年持有期混合型证券投资基金
009199,万家价值优势一年持有期混合型证券投资基金
009201,中邮优享一年定期开放混合型证券投资基金
009202,中邮优享一年定期开放混合型证券投资基金
009205,兴银丰运稳益回报混合型证券投资基金
009206,兴银丰运稳益回报混合型证券投资基金
009210,中欧嘉和三年持有期混合型证券投资基金
009211,中欧嘉和三年持有期混合型证券投资基金
009213,易方达如意安泰一年持有期混合型基金中基金(FOF)
009214,易方达如意安泰一年持有期混合型基金中基金(FOF)
009215,易方达瑞川灵活配置混合型发起式证券投资基金
009216,易方达瑞川灵活配置混合型发起式证券投资基金
009217,博时荣丰回报灵活配置混合型证券投资基金
009218,博时荣丰回报灵活配置混合型证券投资基金
009223,宝盈现代服务业混合型证券投资基金
009224,宝盈现代服务业混合型证券投资基金
009230,鹏华安和混合型证券投资基金
009231,鹏华安和混合型证券投资基金
009234,鹏华优质企业混合型证券投资基金
009241,融通领先成长混合型证券投资基金(LOF)
009242,中加核心智造混合型证券投资基金
009243,中加核心智造混合型证券投资基金
009244,国寿安保稳丰6个月持有期混合型证券投资基金
009245,国寿安保稳丰6个月持有期混合型证券投资基金
009246,摩根士丹利ESG量化先行混合型证券投资基金
009249,易方达磐泰一年持有期混合型证券投资基金
009250,易方达磐泰一年持有期混合型证券投资基金
009258,西部利得景瑞灵活配置混合型证券投资基金
009260,民生加银聚利6个月持有期混合型证券投资基金
009261,民生加银聚利6个月持有期混合型证券投资基金
009263,华宝红利精选混合型证券投资基金
009264,泓德瑞兴三年持有期混合型证券投资基金
009266,鹏扬景合六个月持有期混合型证券投资基金
009268,创金合信稳健增利6个月持有期混合型证券投资基金
009269,创金合信稳健增利6个月持有期混合型证券投资基金
009270,融通逆向策略灵活配置混合型证券投资基金
009273,融通中国风1号灵活配置混合型证券投资基金
009274,融通健康产业灵活配置混合型证券投资基金
009275,融通医疗保健行业混合型证券投资基金
009277,融通行业景气证券投资基金
009308,天弘安康颐养混合型证券投资基金
009312,新疆前海联合价值优选混合型证券投资基金
009313,新疆前海联合价值优选混合型证券投资基金
009314,广发双擎升级混合型证券投资基金
009318,南方成长先锋混合型证券投资基金
009319,南方成长先锋混合型证券投资基金
009322,广发锐意进取3个月持有期混合型发起式基金中基金(FOF)
009326,广发稳健增长开放式证券投资基金
009327,东兴兴晟混合型证券投资基金
009328,东兴兴晟混合型证券投资基金
009330,鹏华成长价值混合型证券投资基金
009331,鹏华成长价值混合型证券投资基金
009332,博时恒裕6个月持有期混合型证券投资基金
009333,博时恒裕6个月持有期混合型证券投资基金
009334,富国融享18个月定期开放混合型证券投资基金
009345,中银顺兴回报一年持有期混合型证券投资基金
009346,中银顺兴回报一年持有期混合型证券投资基金
009347,国联价值成长6个月持有期混合型证券投资基金
009348,国联价值成长6个月持有期混合型证券投资基金
009351,南方誉丰18个月持有期混合型证券投资基金
009352,南方誉丰18个月持有期混合型证券投资基金
009353,浙商科技创新一个月滚动持有混合型证券投资基金
009354,浙商科技创新一个月滚动持有混合型证券投资基金
009360,招商创新增长混合型证券投资基金
009361,招商创新增长混合型证券投资基金
009362,招商丰盈积极配置混合型证券投资基金
009363,招商丰盈积极配置混合型证券投资基金
009364,工银瑞信科技创新6个月定期开放混合型证券投资基金
009365,工银瑞信科技创新6个月定期开放混合型证券投资基金
009366,浦银安盛科技创新一年持有期混合型证券投资基金
009367,浦银安盛科技创新一年持有期混合型证券投资基金
009368,浦银安盛价值精选混合型证券投资基金
009369,浦银安盛价值精选混合型证券投资基金
009370,浦银安盛睿和优选3个月持有期混合型基金中基金(FOF)
009371,浦银安盛睿和优选3个月持有期混合型基金中基金(FOF)
009372,浦银安盛嘉和稳健一年持有期混合型基金中基金(FOF)
009373,浦银安盛嘉和稳健一年持有期混合型基金中基金(FOF)
009376,景顺长城成长领航混合型证券投资基金
009377,招商瑞恒一年持有期混合型证券投资基金
009378,招商瑞恒一年持有期混合型证券投资基金
009380,富安达科技领航混合型证券投资基金
009381,汇安核心资产混合型证券投资基金
009382,汇安核心资产混合型证券投资基金
009383,人保稳进配置三个月持有期混合型基金中基金(FOF)
009387,嘉实稳福混合型证券投资基金
009388,嘉实稳福混合型证券投资基金
009391,汇添富优质成长混合型证券投资基金
009392,汇添富优质成长混合型证券投资基金
009394,银华同力精选混合型证券投资基金
009395,鑫元安鑫回报混合型证券投资基金
009400,华安添瑞6个月持有期混合型证券投资基金
009401,华安添瑞6个月持有期混合型证券投资基金
009402,交银施罗德启明混合型证券投资基金
009409,华安添福18个月持有期混合型证券投资基金
009410,华安添福18个月持有期混合型证券投资基金
009411,中银科技创新一年定期开放混合型证券投资基金
009415,中邮瑞享两年定期开放混合型证券投资基金
009416,中邮瑞享两年定期开放混合型证券投资基金
009419,宝盈祥明一年定期开放混合型证券投资基金
009420,宝盈祥明一年定期开放混合型证券投资基金
009423,招商瑞信稳健配置混合型证券投资基金
009424,招商瑞信稳健配置混合型证券投资基金
009426,鹏扬景惠六个月持有期混合型证券投资基金
009427,鹏扬景惠六个月持有期混合型证券投资基金
009428,鹏扬景沣六个月持有期混合型证券投资基金
009429,鹏扬景沣六个月持有期混合型证券投资基金
009432,德邦科技创新一年定期开放混合型证券投资基金
009433,德邦科技创新一年定期开放混合型证券投资基金
009437,信澳科技创新一年定期开放混合型证券投资基金
009438,信澳科技创新一年定期开放混合型证券投资基金
009447,财通资管科技创新一年定期开放混合型证券投资基金
009467,红土创新科技创新3个月定期开放混合型证券投资基金
009468,博时健康成长主题双周定期可赎回混合型证券投资基金
009469,博时健康成长主题双周定期可赎回混合型证券投资基金
009470,东方欣利混合型证券投资基金
009471,东方欣利混合型证券投资基金
009474,国泰致远优势混合型证券投资基金
009475,汇丰晋信慧盈混合型证券投资基金
009481,国泰宏益一年持有期混合型证券投资基金
009482,国泰宏益一年持有期混合型证券投资基金
009486,光大保德信瑞和混合型证券投资基金
009487,光大保德信瑞和混合型证券投资基金
009488,中邮价值精选混合型证券投资基金
009489,中邮价值精选混合型证券投资基金
009490,泰康科技创新一年定期开放混合型证券投资基金
009493,大成尊享18个月持有期混合型发起式证券投资基金
009494,大成尊享18个月持有期混合型发起式证券投资基金
009499,景顺长城安鑫回报一年持有期混合型证券投资基金
009500,国寿安保高股息混合型证券投资基金
009501,国寿安保高股息混合型证券投资基金
009507,国金鑫意医药消费混合型发起式证券投资基金
009508,国金鑫意医药消费混合型发起式证券投资基金
009511,信澳研究优选混合型证券投资基金
009525,广发聚荣一年持有期混合型证券投资基金
009526,广发聚荣一年持有期混合型证券投资基金
009527,浙商汇金新兴消费灵活配置混合型证券投资基金
009531,九泰锐和18个月定期开放混合型证券投资基金
009536,汇添富稳健增益一年持有期混合型证券投资基金
009539,兴业睿进混合型证券投资基金
009540,兴业睿进混合型证券投资基金
009542,银华富利精选混合型证券投资基金
009548,汇添富中盘价值精选混合型证券投资基金
009549,汇添富中盘价值精选混合型证券投资基金
009556,兴全合丰三年持有期混合型证券投资基金
009558,嘉实稳惠6个月持有期混合型证券投资基金
009559,嘉实稳惠6个月持有期混合型证券投资基金
009568,浙商智多宝稳健一年持有期混合型证券投资基金
009569,浙商智多宝稳健一年持有期混合型证券投资基金
009570,鹏华匠心精选混合型证券投资基金
009571,鹏华匠心精选混合型证券投资基金
009574,德邦安益6个月持有期混合型证券投资基金
009575,德邦安益6个月持有期混合型证券投资基金
009576,东方红智远三年持有期混合型证券投资基金
009590,东方盛世灵活配置混合型证券投资基金
009591,博时研究精选一年持有期灵活配置混合型证券投资基金
009592,博时研究精选一年持有期灵活配置混合型证券投资基金
009596,泰康创新成长混合型证券投资基金
009597,泰康创新成长混合型证券投资基金
009598,景顺长城科技创新三年定期开放灵活配置混合型证券投资基金
009606,长信稳健精选混合型证券投资基金
009607,长信稳健精选混合型证券投资基金
009611,兴全汇享一年持有期混合型证券投资基金
009612,兴全汇享一年持有期混合型证券投资基金
009618,交银施罗德启汇混合型证券投资基金
009619,博时女性消费主题混合型证券投资基金
009620,博时女性消费主题混合型证券投资基金
009621,中欧心益稳健6个月持有期混合型证券投资基金
009622,中欧心益稳健6个月持有期混合型证券投资基金
009623,长城创新驱动混合型证券投资基金
009624,安信稳健阿尔法定期开放混合型发起式证券投资基金
009627,天弘睿新三个月定期开放混合型证券投资基金
009628,天弘睿新三个月定期开放混合型证券投资基金
009630,浦银安盛ESG责任投资混合型证券投资基金
009631,浦银安盛ESG责任投资混合型证券投资基金
009634,鹏华安睿两年持有期混合型证券投资基金
009635,鹏华安睿两年持有期混合型证券投资基金
009636,华泰柏瑞景气优选混合型证券投资基金
009640,中银证券优选行业龙头混合型证券投资基金
009641,中银证券优选行业龙头混合型证券投资基金
009644,东方阿尔法优势产业混合型发起式证券投资基金
009645,东方阿尔法优势产业混合型发起式证券投资基金
009646,南方核心成长混合型证券投资基金
009647,南方核心成长混合型证券投资基金
009649,嘉实精选平衡混合型证券投资基金
009650,嘉实精选平衡混合型证券投资基金
009651,海富通成长甄选混合型证券投资基金
009652,海富通成长甄选混合型证券投资基金
009653,大成丰享回报混合型证券投资基金
009654,大成丰享回报混合型证券投资基金
009659,民生加银新动能一年定期开放混合型证券投资基金
009660,民生加银新动能一年定期开放混合型证券投资基金
009661,平安研究睿选混合型证券投资基金
009662,平安研究睿选混合型证券投资基金
009663,华泰紫金创新先锋混合型证券投资基金(LOF)
009664,汇添富医疗积极成长一年持有期混合型证券投资基金
009665,汇添富医疗积极成长一年持有期混合型证券投资基金
009667,鹏华安庆混合型证券投资基金
009668,鹏华安庆混合型证券投资基金
009669,长信量化价值驱动混合型证券投资基金
009671,平安恒泽混合型证券投资基金
009672,平安恒泽混合型证券投资基金
009677,浙商智多益稳健一年持有期混合型证券投资基金
009678,浙商智多益稳健一年持有期混合型证券投资基金
009681,南方创新精选一年定期开放混合型发起式证券投资基金
009682,南方创新精选一年定期开放混合型发起式证券投资基金
009683,汇添富创新增长一年定期开放混合型证券投资基金
009684,汇添富创新增长一年定期开放混合型证券投资基金
009686,华夏磐利一年定期开放混合型证券投资基金
009687,华夏磐利一年定期开放混合型证券投资基金
009688,万家鑫动力月月购一年滚动持有混合型证券投资基金
009689,易方达瑞锦灵活配置混合型发起式证券投资基金
009690,易方达瑞锦灵活配置混合型发起式证券投资基金
009691,国泰浩益混合型证券投资基金
009692,国泰浩益混合型证券投资基金
009693,富国积极成长一年定期开放混合型证券投资基金
009695,招商成长精选一年定期开放混合型发起式证券投资基金
009696,招商成长精选一年定期开放混合型发起式证券投资基金
009697,华夏成长精选6个月定期开放混合型发起式证券投资基金
009698,华夏成长精选6个月定期开放混合型发起式证券投资基金
009700,长江添利混合型证券投资基金
009701,长江添利混合型证券投资基金
009704,南方景气驱动混合型证券投资基金
009705,南方景气驱动混合型证券投资基金
009706,民生加银城镇化灵活配置混合型证券投资基金
009707,工银瑞信新兴制造混合型证券投资基金
009708,工银瑞信新兴制造混合型证券投资基金
009709,民生加银策略精选灵活配置混合型证券投资基金
009714,华安聚优精选混合型证券投资基金
009715,汇添富策略增长灵活配置混合型证券投资基金
009716,博时恒盛一年持有期混合型证券投资基金
009717,博时恒盛一年持有期混合型证券投资基金
009718,招商增浩混合型证券投资基金
009719,招商增浩混合型证券投资基金
009720,民生加银景气行业混合型证券投资基金
009725,东方红优质甄选一年持有期混合型证券投资基金
009736,汇添富稳健收益混合型证券投资基金
009737,汇添富稳健收益混合型证券投资基金
009740,博时研究臻选三年持有期灵活配置混合型证券投资基金
009741,博时研究臻选三年持有期灵活配置混合型证券投资基金
009755,景顺长城安鑫回报一年持有期混合型证券投资基金
009762,国金国鑫灵活配置混合型发起式证券投资基金
009766,安信平稳双利3个月持有期混合型证券投资基金
009767,安信平稳双利3个月持有期混合型证券投资基金
009774,财通资管优选回报一年持有期混合型证券投资基金
009776,中欧阿尔法混合型证券投资基金
009777,中欧阿尔法混合型证券投资基金
009778,长信消费升级混合型证券投资基金
009779,长信消费升级混合型证券投资基金
009781,南方产业优势两年持有期混合型证券投资基金
009782,富国兴泉回报12个月持有期混合型证券投资基金
009783,富国兴泉回报12个月持有期混合型证券投资基金
009789,富安达科技创新混合型发起式证券投资基金
009791,中欧创业板两年定期开放混合型证券投资基金
009795,嘉实远见精选两年持有期混合型证券投资基金
009796,大成汇享一年持有期混合型证券投资基金
009797,大成汇享一年持有期混合型证券投资基金
009798,大成创业板两年定期开放混合型证券投资基金
009800,长盛制造精选混合型证券投资基金
009801,长盛制造精选混合型证券投资基金
009804,国泰研究优势混合型证券投资基金
009806,东方红招盈甄选一年持有期混合型证券投资基金
009807,东方红招盈甄选一年持有期混合型证券投资基金
009808,易方达创新成长混合型证券投资基金
009810,易方达悦通一年持有期混合型证券投资基金
009811,易方达悦通一年持有期混合型证券投资基金
009812,易方达悦兴一年持有期混合型证券投资基金
009813,易方达悦兴一年持有期混合型证券投资基金
009817,红塔红土稳健精选混合型证券投资基金
009818,红塔红土稳健精选混合型证券投资基金
009819,嘉实鑫福一年持有期混合型证券投资基金
009820,嘉实浦惠6个月持有期混合型证券投资基金
009821,嘉实浦惠6个月持有期混合型证券投资基金
009822,鹏华招华一年持有期混合型证券投资基金
009823,鹏华招华一年持有期混合型证券投资基金
009828,融通转型三动力灵活配置混合型证券投资基金
009829,长城优选增强六个月持有期混合型证券投资基金
009830,长城优选增强六个月持有期混合型证券投资基金
009835,融通新能源汽车主题精选灵活配置混合型证券投资基金
009837,华夏磐锐一年定期开放混合型证券投资基金
009838,华夏磐锐一年定期开放混合型证券投资基金
009840,西藏东财量化精选混合型发起式证券投资基金
009841,西藏东财量化精选混合型发起式证券投资基金
009842,东方红明鉴优选两年定期开放混合型证券投资基金
009846,富兰克林国海港股通远见价值混合型证券投资基金
009847,圆信永丰研究精选混合型证券投资基金A类
009848,圆信永丰研究精选混合型证券投资基金C类
009849,安信稳健聚申一年持有期混合型证券投资基金
009850,长盛盛杰混合型证券投资基金
009853,中加优势企业混合型证券投资基金
009854,中加优势企业混合型证券投资基金
009855,中加新兴成长混合型证券投资基金
009856,中加新兴成长混合型证券投资基金
009857,博时价值臻选两年持有期灵活配置混合型证券投资基金
009858,博时价值臻选两年持有期灵活配置混合型证券投资基金
009859,银华乐享混合型证券投资基金
009861,鹏华新兴成长混合型证券投资基金
009862,鹏华新兴成长混合型证券投资基金
009867,工银瑞信创新精选一年定期开放混合型证券投资基金
009868,工银瑞信创新精选一年定期开放混合型证券投资基金
009869,嘉实产业先锋混合型证券投资基金
009870,嘉实产业先锋混合型证券投资基金
009872,中欧责任投资混合型证券投资基金
009873,中欧责任投资混合型证券投资基金
009878,平安低碳经济混合型证券投资基金
009879,平安低碳经济混合型证券投资基金
009880,安信成长动力一年持有期混合型证券投资基金
009882,华润元大核心动力混合型证券投资基金
009883,华润元大核心动力混合型证券投资基金
009885,新华景气行业混合型证券投资基金
009886,新华景气行业混合型证券投资基金
009887,广发稳健优选六个月持有期混合型证券投资基金
009888,广发稳健优选六个月持有期混合型证券投资基金
009892,富国成长策略混合型证券投资基金
009893,摩根士丹利优悦安和混合型证券投资基金
009900,易方达磐固六个月持有期混合型证券投资基金
009901,易方达磐固六个月持有期混合型证券投资基金
009907,湘财长泽灵活配置混合型证券投资基金
009908,湘财长泽灵活配置混合型证券投资基金
009909,嘉实动力先锋混合型证券投资基金
009910,嘉实动力先锋混合型证券投资基金
009912,九泰天富改革新动力灵活配置混合型证券投资基金
009913,中信保诚成长动力混合型证券投资基金
009914,富国成长动力混合型证券投资基金
009918,上银核心成长混合型证券投资基金
009919,上银核心成长混合型证券投资基金
009927,工银瑞信聚利18个月定期开放混合型证券投资基金
009928,工银瑞信聚利18个月定期开放混合型证券投资基金
009929,南方创新驱动混合型证券投资基金
009930,南方创新驱动混合型证券投资基金
009931,淳厚欣享一年持有期混合型证券投资基金
009932,永赢稳健增长一年持有期混合型证券投资基金
009937,东方欣益一年持有期偏债混合型证券投资基金
009938,东方欣益一年持有期偏债混合型证券投资基金
009939,淳厚欣享一年持有期混合型证券投资基金
009940,格林稳健价值灵活配置混合型证券投资基金
009941,格林稳健价值灵活配置混合型证券投资基金
009950,财通资管均衡价值一年持有期混合型证券投资基金
009951,广发稳健回报混合型证券投资基金
009952,广发稳健回报混合型证券投资基金
009955,广发鑫裕灵活配置混合型证券投资基金
009956,广发恒誉混合型证券投资基金
009957,广发恒誉混合型证券投资基金
009958,长安鑫悦消费驱动混合型证券投资基金
009959,长安鑫悦消费驱动混合型证券投资基金
009960,银华多元机遇混合型证券投资基金
009965,宝盈祥琪混合型证券投资基金
009966,宝盈祥琪混合型证券投资基金
009967,博时荣泰灵活配置混合型证券投资基金
009968,金鹰内需成长混合型证券投资基金
009969,金鹰内需成长混合型证券投资基金
009970,财通内需增长12个月定期开放混合型证券投资基金
009971,创金合信核心价值混合型证券投资基金
009972,创金合信核心价值混合型证券投资基金
009973,创金合信核心资产混合型证券投资基金
009974,创金合信核心资产混合型证券投资基金
009977,银华招利一年持有期混合型证券投资基金
009978,银华招利一年持有期混合型证券投资基金
009983,永赢港股通品质生活慧选混合型证券投资基金
009984,鹏华启航混合型证券投资基金
009986,天弘创新领航混合型证券投资基金
009987,天弘创新领航混合型证券投资基金
009989,华宝研究精选混合型证券投资基金
009990,华泰柏瑞品质优选混合型证券投资基金
009991,华泰柏瑞品质优选混合型证券投资基金
009992,景顺长城量化成长演化混合型证券投资基金
009993,嘉实前沿创新混合型证券投资基金
009994,嘉实创新先锋混合型证券投资基金
009995,嘉实创新先锋混合型证券投资基金
009998,摩根慧见两年持有期混合型证券投资基金
009999,东方中国红利混合型证券投资基金
010000,长城中国智造灵活配置混合型证券投资基金
012584,南方中国新兴经济9个月持有期混合型证券投资基金(QDII)
016496,景顺长城中证港股通科技交易型开放式指数证券投资基金发起式联接基金
260112,景顺长城能源基建混合型证券投资基金
